operator_id,total_incoming_calls,total_missed_incoming,total_weighted_wait_incoming,missed_rate_incoming,avg_wait_time_incoming,total_outgoing_calls,total_missed_outgoing,missed_rate_outgoing
879896,58.0,0.0,3822.0,0.0,65.89655172413794,816.0,220.0,0.2696078431372549
879898,103.0,0.0,4884.0,0.0,47.41747572815534,7191.0,2345.0,0.32610207203448754
880020,7.0,0.0,54.0,0.0,7.714285714285714,34.0,19.0,0.5588235294117647
880022,8.0,0.0,112.0,0.0,14.0,174.0,90.0,0.5172413793103449
880026,24.0,0.0,232.0,0.0,9.666666666666666,2188.0,628.0,0.2870201096892139
880028,63.0,0.0,615.0,0.0,9.761904761904763,2489.0,987.0,0.396544797107272
880240,0.0,0.0,0.0,0.0,0.0,41.0,11.0,0.2682926829268293
881278,0.0,0.0,0.0,0.0,0.0,12.0,9.0,0.75
882476,3.0,0.0,95.0,0.0,31.666666666666668,0.0,0.0,0.0
882478,1.0,0.0,13.0,0.0,13.0,0.0,0.0,0.0
882680,97.0,3.0,5394.0,0.030927835051546393,55.608247422680414,0.0,0.0,0.0
882684,613.0,4.0,175117.0,0.0065252854812398045,285.6721044045677,651.0,206.0,0.31643625192012287
882686,766.0,6.0,206060.0,0.007832898172323759,269.0078328981723,2876.0,941.0,0.3271905424200278
882688,15.0,0.0,5830.0,0.0,388.6666666666667,43.0,15.0,0.3488372093023256
882690,171.0,2.0,88512.0,0.011695906432748537,517.6140350877193,1416.0,466.0,0.3290960451977401
883018,0.0,0.0,0.0,0.0,0.0,2.0,2.0,1.0
883898,0.0,0.0,0.0,0.0,0.0,1.0,0.0,0.0
883940,6.0,0.0,110.0,0.0,18.333333333333332,632.0,208.0,0.3291139240506329
883942,77.0,0.0,1853.0,0.0,24.064935064935064,2029.0,522.0,0.2572695909314933
884294,1.0,0.0,6.0,0.0,6.0,0.0,0.0,0.0
884402,0.0,0.0,0.0,0.0,0.0,1.0,0.0,0.0
884408,31.0,3.0,3014.0,0.0967741935483871,97.2258064516129,9.0,4.0,0.4444444444444444
884412,16.0,0.0,1001.0,0.0,62.5625,727.0,308.0,0.4236588720770289
884478,22.0,0.0,657.0,0.0,29.863636363636363,2266.0,1151.0,0.5079435127978817
884524,2.0,0.0,19.0,0.0,9.5,0.0,0.0,0.0
884946,12.0,0.0,364.0,0.0,30.333333333333332,1845.0,702.0,0.3804878048780488
885682,0.0,0.0,0.0,0.0,0.0,3.0,3.0,1.0
885876,992.0,20.0,191011.0,0.020161290322580645,192.5514112903226,58434.0,23307.0,0.39886025259266866
885890,1244.0,26.0,234951.0,0.02090032154340836,188.86736334405145,58977.0,23781.0,0.40322498601149603
886146,1.0,0.0,9.0,0.0,9.0,49.0,19.0,0.3877551020408163
886674,11.0,0.0,201.0,0.0,18.272727272727273,0.0,0.0,0.0
886892,2.0,0.0,116.0,0.0,58.0,0.0,0.0,0.0
887276,431.0,3.0,95526.0,0.0069605568445475635,221.63805104408354,614.0,208.0,0.33876221498371334
887278,52.0,0.0,2653.0,0.0,51.01923076923077,31.0,17.0,0.5483870967741935
887280,0.0,0.0,0.0,0.0,0.0,8.0,6.0,0.75
887282,28.0,0.0,2114.0,0.0,75.5,2322.0,669.0,0.28811369509043927
887416,18.0,0.0,839.0,0.0,46.611111111111114,0.0,0.0,0.0
887802,16.0,0.0,1172.0,0.0,73.25,120.0,46.0,0.38333333333333336
887992,0.0,0.0,0.0,0.0,0.0,47.0,23.0,0.48936170212765956
888406,9.0,1.0,393.0,0.1111111111111111,43.666666666666664,6.0,5.0,0.8333333333333334
888520,6.0,0.0,131.0,0.0,21.833333333333332,0.0,0.0,0.0
888532,11.0,2.0,372.0,0.18181818181818182,33.81818181818182,2.0,1.0,0.5
888534,57.0,1.0,4222.0,0.017543859649122806,74.0701754385965,225.0,148.0,0.6577777777777778
888536,2.0,0.0,43.0,0.0,21.5,1.0,0.0,0.0
888538,1.0,0.0,24.0,0.0,24.0,2.0,0.0,0.0
888540,3.0,0.0,59.0,0.0,19.666666666666668,1.0,0.0,0.0
888868,20.0,1.0,879.0,0.05,43.95,34.0,10.0,0.29411764705882354
889410,439.0,0.0,22914.0,0.0,52.195899772209565,1014.0,252.0,0.2485207100591716
889638,4.0,0.0,85.0,0.0,21.25,0.0,0.0,0.0
889640,2.0,0.0,27.0,0.0,13.5,0.0,0.0,0.0
889754,480.0,2.0,34630.0,0.004166666666666667,72.14583333333333,1206.0,431.0,0.357379767827529
890226,3.0,0.0,82.0,0.0,27.333333333333332,3.0,3.0,1.0
890228,6.0,1.0,104.0,0.16666666666666666,17.333333333333332,83.0,30.0,0.3614457831325301
890232,0.0,0.0,0.0,0.0,0.0,33.0,0.0,0.0
890234,0.0,0.0,0.0,0.0,0.0,1.0,0.0,0.0
890402,539.0,0.0,48492.0,0.0,89.96660482374769,1242.0,446.0,0.35909822866344604
890404,514.0,2.0,45861.0,0.0038910505836575876,89.22373540856032,1345.0,489.0,0.3635687732342007
890406,425.0,4.0,29078.0,0.009411764705882352,68.41882352941177,1196.0,413.0,0.34531772575250835
890410,16.0,0.0,668.0,0.0,41.75,1211.0,432.0,0.35672997522708505
890412,23.0,0.0,1566.0,0.0,68.08695652173913,1111.0,371.0,0.3339333933393339
890416,0.0,0.0,0.0,0.0,0.0,1271.0,424.0,0.33359559402045635
890420,0.0,0.0,0.0,0.0,0.0,695.0,229.0,0.3294964028776978
890422,0.0,0.0,0.0,0.0,0.0,402.0,139.0,0.34577114427860695
890582,104.0,1.0,4906.0,0.009615384615384616,47.17307692307692,54.0,33.0,0.6111111111111112
890618,73.0,1.0,476.0,0.0136986301369863,6.52054794520548,270.0,138.0,0.5111111111111111
891152,0.0,0.0,0.0,0.0,0.0,273.0,82.0,0.30036630036630035
891154,0.0,0.0,0.0,0.0,0.0,525.0,154.0,0.29333333333333333
891156,0.0,0.0,0.0,0.0,0.0,18.0,6.0,0.3333333333333333
891158,0.0,0.0,0.0,0.0,0.0,262.0,82.0,0.31297709923664124
891160,0.0,0.0,0.0,0.0,0.0,370.0,116.0,0.31351351351351353
891162,0.0,0.0,0.0,0.0,0.0,104.0,33.0,0.3173076923076923
891166,0.0,0.0,0.0,0.0,0.0,231.0,64.0,0.27705627705627706
891170,0.0,0.0,0.0,0.0,0.0,193.0,52.0,0.2694300518134715
891192,0.0,0.0,0.0,0.0,0.0,1.0,0.0,0.0
891250,0.0,0.0,0.0,0.0,0.0,2.0,0.0,0.0
891252,0.0,0.0,0.0,0.0,0.0,86.0,42.0,0.4883720930232558
891254,1.0,0.0,26.0,0.0,26.0,0.0,0.0,0.0
891410,660.0,2.0,115853.0,0.0030303030303030303,175.53484848484848,2660.0,895.0,0.33646616541353386
891414,503.0,1.0,68813.0,0.0019880715705765406,136.8051689860835,2379.0,792.0,0.3329129886506936
891416,142.0,0.0,9705.0,0.0,68.34507042253522,705.0,244.0,0.34609929078014184
891646,8.0,0.0,207.0,0.0,25.875,0.0,0.0,0.0
891744,5.0,0.0,130.0,0.0,26.0,6.0,2.0,0.3333333333333333
891746,0.0,0.0,0.0,0.0,0.0,33.0,13.0,0.3939393939393939
891824,12.0,0.0,432.0,0.0,36.0,32.0,11.0,0.34375
891900,33.0,0.0,3593.0,0.0,108.87878787878788,0.0,0.0,0.0
891906,67.0,0.0,5603.0,0.0,83.6268656716418,0.0,0.0,0.0
891908,38.0,0.0,733.0,0.0,19.289473684210527,8.0,6.0,0.75
891918,5.0,0.0,156.0,0.0,31.2,1.0,1.0,1.0
891946,16.0,0.0,453.0,0.0,28.3125,29.0,17.0,0.5862068965517241
891948,1.0,0.0,3.0,0.0,3.0,0.0,0.0,0.0
891970,0.0,0.0,0.0,0.0,0.0,15.0,9.0,0.6
891976,0.0,0.0,0.0,0.0,0.0,2.0,2.0,1.0
891988,414.0,0.0,32292.0,0.0,78.0,474.0,111.0,0.23417721518987342
892028,0.0,0.0,0.0,0.0,0.0,1333.0,489.0,0.3668417104276069
892530,9.0,0.0,436.0,0.0,48.44444444444444,8.0,6.0,0.75
892532,65.0,0.0,5871.0,0.0,90.32307692307693,89.0,31.0,0.34831460674157305
892534,28.0,0.0,4360.0,0.0,155.71428571428572,11.0,5.0,0.45454545454545453
892536,16.0,0.0,951.0,0.0,59.4375,13.0,7.0,0.5384615384615384
892538,10.0,0.0,589.0,0.0,58.9,116.0,35.0,0.3017241379310345
892798,1.0,0.0,43.0,0.0,43.0,36.0,30.0,0.8333333333333334
892800,0.0,0.0,0.0,0.0,0.0,8.0,3.0,0.375
893172,38.0,0.0,1748.0,0.0,46.0,0.0,0.0,0.0
893400,1.0,0.0,31.0,0.0,31.0,2.0,1.0,0.5
893402,330.0,3.0,93207.0,0.00909090909090909,282.44545454545454,51.0,21.0,0.4117647058823529
893420,203.0,1.0,52369.0,0.0049261083743842365,257.97536945812806,28.0,11.0,0.39285714285714285
893674,0.0,0.0,0.0,0.0,0.0,2463.0,888.0,0.36053593179049936
893700,0.0,0.0,0.0,0.0,0.0,6.0,3.0,0.5
893804,2427.0,10.0,384702.0,0.004120313143798929,158.50927070457354,3378.0,1278.0,0.3783303730017762
894120,18.0,1.0,926.0,0.05555555555555555,51.44444444444444,0.0,0.0,0.0
894224,4.0,0.0,87.0,0.0,21.75,0.0,0.0,0.0
894226,0.0,0.0,0.0,0.0,0.0,4.0,4.0,1.0
894230,0.0,0.0,0.0,0.0,0.0,1.0,1.0,1.0
894614,8.0,1.0,155.0,0.125,19.375,0.0,0.0,0.0
894656,20.0,0.0,919.0,0.0,45.95,3167.0,1317.0,0.41585096305652036
894662,1.0,0.0,9.0,0.0,9.0,34.0,10.0,0.29411764705882354
894934,0.0,0.0,0.0,0.0,0.0,19.0,18.0,0.9473684210526315
895140,4.0,0.0,438.0,0.0,109.5,0.0,0.0,0.0
895170,11.0,0.0,189.0,0.0,17.181818181818183,0.0,0.0,0.0
895172,8.0,0.0,128.0,0.0,16.0,80.0,38.0,0.475
895266,2.0,0.0,20.0,0.0,10.0,1.0,1.0,1.0
895370,0.0,0.0,0.0,0.0,0.0,10.0,3.0,0.3
895574,96.0,3.0,4276.0,0.03125,44.541666666666664,0.0,0.0,0.0
895576,70.0,1.0,2723.0,0.014285714285714285,38.9,0.0,0.0,0.0
895578,57.0,0.0,2147.0,0.0,37.666666666666664,0.0,0.0,0.0
895598,3.0,0.0,32.0,0.0,10.666666666666666,2.0,1.0,0.5
895774,13.0,0.0,357.0,0.0,27.46153846153846,105.0,50.0,0.47619047619047616
895776,12.0,1.0,238.0,0.08333333333333333,19.833333333333332,238.0,102.0,0.42857142857142855
895782,13.0,0.0,430.0,0.0,33.07692307692308,0.0,0.0,0.0
895786,36.0,0.0,2903.0,0.0,80.63888888888889,0.0,0.0,0.0
896010,10.0,0.0,316.0,0.0,31.6,2.0,2.0,1.0
896012,244.0,1.0,7691.0,0.004098360655737705,31.520491803278688,0.0,0.0,0.0
896014,14.0,0.0,254.0,0.0,18.142857142857142,6.0,5.0,0.8333333333333334
896016,71.0,0.0,3850.0,0.0,54.225352112676056,180.0,63.0,0.35
896018,8.0,0.0,217.0,0.0,27.125,3.0,1.0,0.3333333333333333
896020,16.0,0.0,106.0,0.0,6.625,0.0,0.0,0.0
896382,36.0,0.0,2274.0,0.0,63.166666666666664,388.0,152.0,0.3917525773195876
896384,0.0,0.0,0.0,0.0,0.0,28.0,13.0,0.4642857142857143
896386,0.0,0.0,0.0,0.0,0.0,76.0,40.0,0.5263157894736842
896390,0.0,0.0,0.0,0.0,0.0,97.0,46.0,0.4742268041237113
896428,23.0,0.0,782.0,0.0,34.0,183.0,48.0,0.26229508196721313
896430,1.0,0.0,13.0,0.0,13.0,14.0,5.0,0.35714285714285715
896536,178.0,2.0,14405.0,0.011235955056179775,80.92696629213484,0.0,0.0,0.0
896538,14.0,1.0,937.0,0.07142857142857142,66.92857142857143,0.0,0.0,0.0
896708,66.0,0.0,6391.0,0.0,96.83333333333333,152.0,61.0,0.40131578947368424
897030,6.0,0.0,104.0,0.0,17.333333333333332,73.0,39.0,0.5342465753424658
897872,3.0,1.0,65.0,0.3333333333333333,21.666666666666668,45.0,10.0,0.2222222222222222
897894,0.0,0.0,0.0,0.0,0.0,19.0,0.0,0.0
898414,24.0,1.0,3254.0,0.041666666666666664,135.58333333333334,59.0,24.0,0.4067796610169492
898422,64.0,1.0,5125.0,0.015625,80.078125,23.0,11.0,0.4782608695652174
898434,0.0,0.0,0.0,0.0,0.0,7.0,6.0,0.8571428571428571
898558,22.0,0.0,1569.0,0.0,71.31818181818181,0.0,0.0,0.0
898560,19.0,0.0,1927.0,0.0,101.42105263157895,0.0,0.0,0.0
898676,2.0,0.0,16.0,0.0,8.0,0.0,0.0,0.0
898892,12.0,0.0,292.0,0.0,24.333333333333332,82.0,26.0,0.3170731707317073
898902,0.0,0.0,0.0,0.0,0.0,22.0,10.0,0.45454545454545453
898906,19.0,0.0,1422.0,0.0,74.84210526315789,126.0,40.0,0.31746031746031744
898920,13.0,0.0,1423.0,0.0,109.46153846153847,37.0,8.0,0.21621621621621623
899076,0.0,0.0,0.0,0.0,0.0,1.0,1.0,1.0
899082,655.0,1.0,164271.0,0.0015267175572519084,250.79541984732825,1510.0,478.0,0.3165562913907285
899250,286.0,5.0,23775.0,0.017482517482517484,83.12937062937063,1372.0,512.0,0.37317784256559766
899268,31.0,2.0,1028.0,0.06451612903225806,33.16129032258065,0.0,0.0,0.0
899788,0.0,0.0,0.0,0.0,0.0,600.0,324.0,0.54
899790,0.0,0.0,0.0,0.0,0.0,716.0,394.0,0.5502793296089385
899892,3.0,0.0,95.0,0.0,31.666666666666668,0.0,0.0,0.0
899898,2.0,0.0,50.0,0.0,25.0,0.0,0.0,0.0
899900,1.0,0.0,71.0,0.0,71.0,0.0,0.0,0.0
899906,1.0,0.0,19.0,0.0,19.0,0.0,0.0,0.0
899912,1.0,0.0,19.0,0.0,19.0,0.0,0.0,0.0
899932,0.0,0.0,0.0,0.0,0.0,706.0,347.0,0.4915014164305949
899964,0.0,0.0,0.0,0.0,0.0,417.0,174.0,0.4172661870503597
899968,0.0,0.0,0.0,0.0,0.0,362.0,169.0,0.46685082872928174
899972,0.0,0.0,0.0,0.0,0.0,188.0,101.0,0.5372340425531915
900180,9.0,0.0,541.0,0.0,60.111111111111114,1640.0,608.0,0.37073170731707317
900192,1.0,0.0,5.0,0.0,5.0,1.0,1.0,1.0
900194,55.0,2.0,2496.0,0.03636363636363636,45.38181818181818,43.0,19.0,0.4418604651162791
900352,183.0,3.0,15112.0,0.01639344262295082,82.5792349726776,307.0,107.0,0.3485342019543974
900354,142.0,4.0,11829.0,0.028169014084507043,83.30281690140845,477.0,158.0,0.3312368972746331
900458,1.0,0.0,9.0,0.0,9.0,28.0,20.0,0.7142857142857143
900492,17.0,1.0,289.0,0.058823529411764705,17.0,234.0,113.0,0.4829059829059829
900592,265.0,0.0,19616.0,0.0,74.02264150943397,104.0,19.0,0.18269230769230768
900594,34.0,0.0,878.0,0.0,25.823529411764707,201.0,43.0,0.21393034825870647
900614,22.0,0.0,578.0,0.0,26.272727272727273,34.0,6.0,0.17647058823529413
900742,22.0,0.0,810.0,0.0,36.81818181818182,11.0,2.0,0.18181818181818182
900746,26.0,2.0,2510.0,0.07692307692307693,96.53846153846153,45.0,10.0,0.2222222222222222
900788,124.0,1.0,3137.0,0.008064516129032258,25.298387096774192,92.0,27.0,0.29347826086956524
900790,44.0,0.0,2523.0,0.0,57.34090909090909,55.0,15.0,0.2727272727272727
900792,1.0,0.0,34.0,0.0,34.0,5.0,1.0,0.2
900826,86.0,0.0,3128.0,0.0,36.372093023255815,510.0,187.0,0.36666666666666664
900892,310.0,3.0,13365.0,0.00967741935483871,43.11290322580645,913.0,385.0,0.42168674698795183
900894,105.0,1.0,5666.0,0.009523809523809525,53.96190476190476,213.0,58.0,0.27230046948356806
901034,13.0,0.0,246.0,0.0,18.923076923076923,11.0,6.0,0.5454545454545454
901038,5.0,0.0,141.0,0.0,28.2,23.0,4.0,0.17391304347826086
901178,284.0,0.0,53464.0,0.0,188.25352112676057,21.0,14.0,0.6666666666666666
901350,92.0,0.0,9946.0,0.0,108.1086956521739,0.0,0.0,0.0
901492,30.0,0.0,1057.0,0.0,35.233333333333334,3.0,1.0,0.3333333333333333
901498,5.0,0.0,387.0,0.0,77.4,0.0,0.0,0.0
901584,104.0,0.0,2142.0,0.0,20.596153846153847,168.0,44.0,0.2619047619047619
901586,41.0,0.0,514.0,0.0,12.536585365853659,93.0,9.0,0.0967741935483871
901588,27.0,0.0,261.0,0.0,9.666666666666666,54.0,12.0,0.2222222222222222
901734,28.0,0.0,1401.0,0.0,50.035714285714285,0.0,0.0,0.0
901880,1813.0,11.0,217846.0,0.006067291781577496,120.15774958632102,2324.0,699.0,0.30077452667814114
901884,554.0,1.0,60504.0,0.0018050541516245488,109.2129963898917,1912.0,587.0,0.3070083682008368
901886,140.0,0.0,10817.0,0.0,77.26428571428572,1411.0,487.0,0.34514528703047487
901894,30.0,0.0,2883.0,0.0,96.1,0.0,0.0,0.0
901992,11.0,0.0,151.0,0.0,13.727272727272727,671.0,283.0,0.4217585692995529
901996,3.0,0.0,129.0,0.0,43.0,24.0,10.0,0.4166666666666667
902238,1.0,0.0,8.0,0.0,8.0,1.0,1.0,1.0
902510,122.0,2.0,30739.0,0.01639344262295082,251.95901639344262,1841.0,644.0,0.34980988593155893
902532,239.0,1.0,49098.0,0.0041841004184100415,205.43096234309624,856.0,268.0,0.3130841121495327
902608,7.0,0.0,439.0,0.0,62.714285714285715,212.0,87.0,0.41037735849056606
902720,98.0,0.0,6864.0,0.0,70.04081632653062,2306.0,1510.0,0.6548135299219427
902742,0.0,0.0,0.0,0.0,0.0,1168.0,577.0,0.4940068493150685
902744,0.0,0.0,0.0,0.0,0.0,3114.0,2082.0,0.6685934489402697
902746,0.0,0.0,0.0,0.0,0.0,2430.0,1496.0,0.6156378600823045
902748,0.0,0.0,0.0,0.0,0.0,2534.0,1556.0,0.6140489344909235
902774,0.0,0.0,0.0,0.0,0.0,1099.0,589.0,0.5359417652411284
902776,0.0,0.0,0.0,0.0,0.0,1564.0,1028.0,0.6572890025575447
902778,0.0,0.0,0.0,0.0,0.0,1286.0,892.0,0.6936236391912908
902782,0.0,0.0,0.0,0.0,0.0,1291.0,715.0,0.5538342370255616
902906,48.0,0.0,1171.0,0.0,24.395833333333332,0.0,0.0,0.0
902910,28.0,1.0,1201.0,0.03571428571428571,42.892857142857146,0.0,0.0,0.0
903254,243.0,0.0,22409.0,0.0,92.21810699588477,1464.0,359.0,0.24521857923497267
903292,42.0,0.0,4458.0,0.0,106.14285714285714,301.0,115.0,0.38205980066445183
903312,125.0,2.0,8993.0,0.016,71.944,48.0,14.0,0.2916666666666667
903318,281.0,3.0,22227.0,0.010676156583629894,79.09964412811388,1127.0,350.0,0.3105590062111801
903390,9.0,0.0,221.0,0.0,24.555555555555557,0.0,0.0,0.0
903512,25.0,0.0,2530.0,0.0,101.2,0.0,0.0,0.0
903974,10.0,0.0,1359.0,0.0,135.9,0.0,0.0,0.0
903976,5.0,0.0,153.0,0.0,30.6,0.0,0.0,0.0
903978,4.0,0.0,152.0,0.0,38.0,1.0,0.0,0.0
904014,41.0,0.0,2169.0,0.0,52.90243902439025,1247.0,528.0,0.4234161988773055
904016,50.0,2.0,2528.0,0.04,50.56,4676.0,2352.0,0.5029940119760479
904038,462.0,2.0,35124.0,0.004329004329004329,76.02597402597402,214.0,83.0,0.3878504672897196
904044,108.0,1.0,6882.0,0.009259259259259259,63.72222222222222,23.0,15.0,0.6521739130434783
904058,19.0,0.0,377.0,0.0,19.842105263157894,0.0,0.0,0.0
904200,5.0,0.0,139.0,0.0,27.8,10.0,4.0,0.4
904202,6.0,0.0,67.0,0.0,11.166666666666666,230.0,90.0,0.391304347826087
904204,5.0,0.0,228.0,0.0,45.6,39.0,11.0,0.28205128205128205
904284,47.0,0.0,1369.0,0.0,29.127659574468087,0.0,0.0,0.0
904344,4.0,3.0,131.0,0.75,32.75,0.0,0.0,0.0
904372,3.0,0.0,111.0,0.0,37.0,0.0,0.0,0.0
905082,2.0,0.0,68.0,0.0,34.0,0.0,0.0,0.0
905104,296.0,8.0,32200.0,0.02702702702702703,108.78378378378379,126.0,22.0,0.1746031746031746
905300,25.0,6.0,1201.0,0.24,48.04,0.0,0.0,0.0
905430,96.0,1.0,6889.0,0.010416666666666666,71.76041666666667,749.0,267.0,0.35647530040053405
905432,11.0,0.0,149.0,0.0,13.545454545454545,726.0,290.0,0.39944903581267216
905472,1.0,0.0,21.0,0.0,21.0,0.0,0.0,0.0
905478,1.0,0.0,36.0,0.0,36.0,0.0,0.0,0.0
905538,244.0,2.0,26650.0,0.00819672131147541,109.22131147540983,2930.0,988.0,0.3372013651877133
905542,117.0,3.0,7706.0,0.02564102564102564,65.86324786324786,1863.0,462.0,0.24798711755233493
905564,56.0,1.0,3632.0,0.017857142857142856,64.85714285714286,504.0,127.0,0.251984126984127
905566,44.0,1.0,1868.0,0.022727272727272728,42.45454545454545,551.0,142.0,0.2577132486388385
905570,0.0,0.0,0.0,0.0,0.0,3.0,3.0,1.0
905574,4.0,0.0,60.0,0.0,15.0,83.0,41.0,0.4939759036144578
905840,0.0,0.0,0.0,0.0,0.0,7.0,3.0,0.42857142857142855
905842,2.0,0.0,231.0,0.0,115.5,1031.0,618.0,0.5994180407371484
905844,13.0,0.0,186.0,0.0,14.307692307692308,1032.0,427.0,0.41375968992248063
905862,102.0,15.0,6737.0,0.14705882352941177,66.04901960784314,1.0,1.0,1.0
905870,143.0,0.0,10628.0,0.0,74.32167832167832,559.0,165.0,0.295169946332737
905930,70.0,0.0,1552.0,0.0,22.17142857142857,311.0,85.0,0.2733118971061093
905932,36.0,0.0,474.0,0.0,13.166666666666666,315.0,91.0,0.28888888888888886
905934,1.0,0.0,9.0,0.0,9.0,16.0,2.0,0.125
906070,324.0,2.0,672575.0,0.006172839506172839,2075.848765432099,71.0,39.0,0.5492957746478874
906076,24.0,0.0,20922.0,0.0,871.75,1.0,1.0,1.0
906294,307.0,1.0,11924.0,0.003257328990228013,38.840390879478825,111.0,18.0,0.16216216216216217
906296,4.0,0.0,130.0,0.0,32.5,36.0,13.0,0.3611111111111111
906392,18.0,7.0,951.0,0.3888888888888889,52.833333333333336,3.0,1.0,0.3333333333333333
906394,30.0,0.0,1993.0,0.0,66.43333333333334,104.0,18.0,0.17307692307692307
906396,123.0,3.0,24183.0,0.024390243902439025,196.609756097561,99.0,15.0,0.15151515151515152
906398,64.0,0.0,5054.0,0.0,78.96875,7.0,5.0,0.7142857142857143
906400,129.0,3.0,16354.0,0.023255813953488372,126.7751937984496,182.0,19.0,0.1043956043956044
906402,7.0,0.0,414.0,0.0,59.142857142857146,8.0,2.0,0.25
906404,501.0,6.0,206209.0,0.011976047904191617,411.5948103792415,512.0,102.0,0.19921875
906406,712.0,3.0,362397.0,0.004213483146067416,508.98455056179773,838.0,219.0,0.2613365155131265
906408,241.0,4.0,97864.0,0.016597510373443983,406.0746887966805,13.0,6.0,0.46153846153846156
906410,232.0,7.0,62829.0,0.03017241379310345,270.8146551724138,16.0,3.0,0.1875
906412,26.0,7.0,1055.0,0.2692307692307692,40.57692307692308,60.0,16.0,0.26666666666666666
906416,5.0,0.0,83.0,0.0,16.6,14.0,4.0,0.2857142857142857
906418,4.0,0.0,90.0,0.0,22.5,1.0,0.0,0.0
906420,5.0,0.0,55.0,0.0,11.0,2.0,2.0,1.0
906680,188.0,1.0,41224.0,0.005319148936170213,219.27659574468086,133.0,41.0,0.3082706766917293
906866,0.0,0.0,0.0,0.0,0.0,642.0,190.0,0.29595015576323985
907174,9.0,0.0,628.0,0.0,69.77777777777777,2515.0,769.0,0.30576540755467196
907178,3.0,0.0,118.0,0.0,39.333333333333336,123.0,63.0,0.5121951219512195
907180,0.0,0.0,0.0,0.0,0.0,37.0,11.0,0.2972972972972973
907182,63.0,0.0,1955.0,0.0,31.03174603174603,14.0,2.0,0.14285714285714285
907224,48.0,0.0,3815.0,0.0,79.47916666666667,236.0,62.0,0.2627118644067797
907440,6.0,0.0,143.0,0.0,23.833333333333332,31.0,7.0,0.22580645161290322
907442,0.0,0.0,0.0,0.0,0.0,44.0,25.0,0.5681818181818182
907502,242.0,2.0,25245.0,0.008264462809917356,104.31818181818181,0.0,0.0,0.0
907504,5.0,0.0,140.0,0.0,28.0,1.0,1.0,1.0
907618,1.0,0.0,35.0,0.0,35.0,0.0,0.0,0.0
907952,51.0,2.0,1839.0,0.0392156862745098,36.05882352941177,0.0,0.0,0.0
907964,17.0,0.0,630.0,0.0,37.05882352941177,8.0,1.0,0.125
907970,16.0,0.0,352.0,0.0,22.0,1.0,0.0,0.0
907972,5.0,0.0,67.0,0.0,13.4,7.0,3.0,0.42857142857142855
907974,3.0,0.0,29.0,0.0,9.666666666666666,0.0,0.0,0.0
907982,66.0,1.0,4260.0,0.015151515151515152,64.54545454545455,6.0,1.0,0.16666666666666666
907986,1.0,0.0,20.0,0.0,20.0,0.0,0.0,0.0
907994,39.0,0.0,1203.0,0.0,30.846153846153847,0.0,0.0,0.0
907998,0.0,0.0,0.0,0.0,0.0,2.0,0.0,0.0
908002,6.0,0.0,170.0,0.0,28.333333333333332,16.0,8.0,0.5
908078,42.0,0.0,1166.0,0.0,27.761904761904763,56.0,7.0,0.125
908080,5.0,0.0,100.0,0.0,20.0,0.0,0.0,0.0
908082,26.0,0.0,510.0,0.0,19.615384615384617,19.0,2.0,0.10526315789473684
908098,6.0,0.0,367.0,0.0,61.166666666666664,0.0,0.0,0.0
908130,2.0,0.0,56.0,0.0,28.0,0.0,0.0,0.0
908152,12.0,0.0,1067.0,0.0,88.91666666666667,0.0,0.0,0.0
908162,3.0,0.0,267.0,0.0,89.0,0.0,0.0,0.0
908300,1.0,0.0,57.0,0.0,57.0,0.0,0.0,0.0
908640,0.0,0.0,0.0,0.0,0.0,14234.0,8162.0,0.5734157650695518
908718,0.0,0.0,0.0,0.0,0.0,2.0,1.0,0.5
908834,23.0,0.0,4538.0,0.0,197.30434782608697,1.0,1.0,1.0
908958,934.0,2.0,406166.0,0.0021413276231263384,434.8672376873662,98.0,44.0,0.4489795918367347
908960,663.0,14.0,159783.0,0.021116138763197588,241.0,112.0,32.0,0.2857142857142857
908984,0.0,0.0,0.0,0.0,0.0,8.0,3.0,0.375
909134,196.0,1.0,32357.0,0.00510204081632653,165.08673469387756,5.0,5.0,1.0
909308,0.0,0.0,0.0,0.0,0.0,15.0,15.0,1.0
909392,5.0,0.0,130.0,0.0,26.0,0.0,0.0,0.0
909452,0.0,0.0,0.0,0.0,0.0,8.0,0.0,0.0
909502,0.0,0.0,0.0,0.0,0.0,785.0,296.0,0.37707006369426754
909624,1.0,0.0,27.0,0.0,27.0,0.0,0.0,0.0
909768,14.0,0.0,588.0,0.0,42.0,0.0,0.0,0.0
909892,4.0,0.0,60.0,0.0,15.0,4.0,2.0,0.5
909894,1.0,0.0,13.0,0.0,13.0,0.0,0.0,0.0
909896,1.0,0.0,9.0,0.0,9.0,0.0,0.0,0.0
909910,0.0,0.0,0.0,0.0,0.0,223.0,56.0,0.25112107623318386
910018,119.0,0.0,11749.0,0.0,98.73109243697479,0.0,0.0,0.0
910038,2.0,0.0,30.0,0.0,15.0,0.0,0.0,0.0
910044,19.0,0.0,625.0,0.0,32.89473684210526,0.0,0.0,0.0
910224,11.0,0.0,255.0,0.0,23.181818181818183,0.0,0.0,0.0
910226,8.0,2.0,132.0,0.25,16.5,0.0,0.0,0.0
910516,32.0,0.0,1445.0,0.0,45.15625,0.0,0.0,0.0
910520,0.0,0.0,0.0,0.0,0.0,198.0,62.0,0.31313131313131315
910524,0.0,0.0,0.0,0.0,0.0,84.0,32.0,0.38095238095238093
910530,0.0,0.0,0.0,0.0,0.0,1061.0,372.0,0.35061262959472195
910532,0.0,0.0,0.0,0.0,0.0,151.0,46.0,0.304635761589404
910540,153.0,1.0,12327.0,0.006535947712418301,80.56862745098039,0.0,0.0,0.0
910594,0.0,0.0,0.0,0.0,0.0,28.0,23.0,0.8214285714285714
910902,0.0,0.0,0.0,0.0,0.0,15.0,0.0,0.0
910926,0.0,0.0,0.0,0.0,0.0,25.0,0.0,0.0
910958,11.0,0.0,947.0,0.0,86.0909090909091,0.0,0.0,0.0
911102,27.0,3.0,1840.0,0.1111111111111111,68.14814814814815,0.0,0.0,0.0
911104,1.0,0.0,13.0,0.0,13.0,0.0,0.0,0.0
911136,211.0,1.0,26767.0,0.004739336492890996,126.85781990521328,0.0,0.0,0.0
911138,289.0,3.0,38130.0,0.010380622837370242,131.93771626297578,0.0,0.0,0.0
911140,70.0,2.0,5218.0,0.02857142857142857,74.54285714285714,0.0,0.0,0.0
911142,20.0,2.0,1873.0,0.1,93.65,0.0,0.0,0.0
911152,2.0,0.0,86.0,0.0,43.0,0.0,0.0,0.0
911214,2.0,0.0,36.0,0.0,18.0,0.0,0.0,0.0
911310,401.0,3.0,153052.0,0.007481296758104738,381.6758104738155,91.0,33.0,0.3626373626373626
912010,143.0,2.0,10513.0,0.013986013986013986,73.51748251748252,0.0,0.0,0.0
912252,39.0,0.0,1212.0,0.0,31.076923076923077,224.0,78.0,0.3482142857142857
912296,173.0,3.0,10167.0,0.017341040462427744,58.76878612716763,483.0,163.0,0.33747412008281574
912684,23.0,1.0,2442.0,0.043478260869565216,106.17391304347827,0.0,0.0,0.0
912722,153.0,0.0,4548.0,0.0,29.725490196078432,225.0,74.0,0.3288888888888889
913474,2.0,0.0,148.0,0.0,74.0,8.0,3.0,0.375
913780,5.0,0.0,187.0,0.0,37.4,0.0,0.0,0.0
913788,793.0,2.0,200173.0,0.0025220680958385876,252.4249684741488,963.0,325.0,0.3374870197300104
913868,19.0,0.0,912.0,0.0,48.0,11.0,11.0,1.0
913886,2.0,1.0,27.0,0.5,13.5,0.0,0.0,0.0
913938,4766.0,14.0,4052634.0,0.0029374737725556023,850.32186319765,406.0,109.0,0.2684729064039409
913942,2467.0,52.0,1739777.0,0.02107823267126064,705.219700040535,429.0,155.0,0.3613053613053613
913984,1.0,0.0,17.0,0.0,17.0,1.0,0.0,0.0
914036,0.0,0.0,0.0,0.0,0.0,17.0,7.0,0.4117647058823529
914050,12.0,0.0,129.0,0.0,10.75,384.0,199.0,0.5182291666666666
914052,0.0,0.0,0.0,0.0,0.0,1368.0,931.0,0.6805555555555556
914168,1.0,0.0,11.0,0.0,11.0,10.0,2.0,0.2
914170,12.0,0.0,427.0,0.0,35.583333333333336,4.0,3.0,0.75
914172,6.0,0.0,321.0,0.0,53.5,0.0,0.0,0.0
914238,0.0,0.0,0.0,0.0,0.0,327.0,15.0,0.045871559633027525
914240,0.0,0.0,0.0,0.0,0.0,46.0,20.0,0.43478260869565216
914256,24.0,0.0,798.0,0.0,33.25,1.0,0.0,0.0
914266,0.0,0.0,0.0,0.0,0.0,3.0,0.0,0.0
914272,0.0,0.0,0.0,0.0,0.0,1.0,1.0,1.0
914338,0.0,0.0,0.0,0.0,0.0,41.0,9.0,0.21951219512195122
914348,0.0,0.0,0.0,0.0,0.0,6.0,1.0,0.16666666666666666
914426,3.0,0.0,69.0,0.0,23.0,4.0,1.0,0.25
914440,28.0,0.0,1138.0,0.0,40.642857142857146,0.0,0.0,0.0
914626,0.0,0.0,0.0,0.0,0.0,1.0,1.0,1.0
914630,19.0,0.0,587.0,0.0,30.894736842105264,136.0,68.0,0.5
914636,2.0,0.0,40.0,0.0,20.0,13.0,6.0,0.46153846153846156
914816,0.0,0.0,0.0,0.0,0.0,4.0,1.0,0.25
914842,6.0,0.0,113.0,0.0,18.833333333333332,0.0,0.0,0.0
914848,2.0,0.0,37.0,0.0,18.5,15.0,6.0,0.4
914870,5.0,0.0,110.0,0.0,22.0,3.0,3.0,1.0
915358,0.0,0.0,0.0,0.0,0.0,11.0,4.0,0.36363636363636365
915360,0.0,0.0,0.0,0.0,0.0,114.0,13.0,0.11403508771929824
915504,0.0,0.0,0.0,0.0,0.0,33.0,22.0,0.6666666666666666
915556,185.0,3.0,5254.0,0.016216216216216217,28.4,2104.0,1241.0,0.589828897338403
915558,0.0,0.0,0.0,0.0,0.0,158.0,68.0,0.43037974683544306
915614,2.0,0.0,112.0,0.0,56.0,62.0,34.0,0.5483870967741935
915958,11.0,0.0,533.0,0.0,48.45454545454545,17.0,3.0,0.17647058823529413
916424,404.0,3.0,64256.0,0.007425742574257425,159.04950495049505,96.0,36.0,0.375
916596,0.0,0.0,0.0,0.0,0.0,30.0,11.0,0.36666666666666664
916618,52.0,0.0,2425.0,0.0,46.63461538461539,103.0,12.0,0.11650485436893204
917234,5.0,0.0,69.0,0.0,13.8,1172.0,461.0,0.39334470989761094
917252,6.0,0.0,615.0,0.0,102.5,9.0,3.0,0.3333333333333333
917378,2.0,0.0,25.0,0.0,12.5,12.0,6.0,0.5
917446,0.0,0.0,0.0,0.0,0.0,15.0,6.0,0.4
917680,2.0,0.0,200.0,0.0,100.0,43.0,30.0,0.6976744186046512
917682,0.0,0.0,0.0,0.0,0.0,7.0,5.0,0.7142857142857143
917846,3.0,0.0,42.0,0.0,14.0,27.0,4.0,0.14814814814814814
917850,165.0,1.0,14182.0,0.006060606060606061,85.95151515151515,94.0,13.0,0.13829787234042554
917852,375.0,1.0,75368.0,0.0026666666666666666,200.98133333333334,1008.0,230.0,0.22817460317460317
917856,3.0,0.0,52.0,0.0,17.333333333333332,72.0,12.0,0.16666666666666666
917858,1.0,0.0,14.0,0.0,14.0,0.0,0.0,0.0
917876,8.0,0.0,127.0,0.0,15.875,2.0,0.0,0.0
917890,0.0,0.0,0.0,0.0,0.0,1.0,0.0,0.0
918390,0.0,0.0,0.0,0.0,0.0,246.0,31.0,0.12601626016260162
918436,34.0,1.0,1591.0,0.029411764705882353,46.794117647058826,727.0,296.0,0.40715268225584594
918452,0.0,0.0,0.0,0.0,0.0,130.0,22.0,0.16923076923076924
918888,8.0,1.0,75.0,0.125,9.375,3.0,3.0,1.0
918956,2.0,0.0,69.0,0.0,34.5,17.0,7.0,0.4117647058823529
918958,1.0,0.0,37.0,0.0,37.0,1.0,1.0,1.0
918978,744.0,4.0,171291.0,0.005376344086021506,230.2298387096774,1237.0,346.0,0.27970897332255457
918986,566.0,0.0,112267.0,0.0,198.35159010600708,1394.0,426.0,0.30559540889526543
918988,1.0,0.0,13.0,0.0,13.0,1.0,1.0,1.0
919126,0.0,0.0,0.0,0.0,0.0,288.0,136.0,0.4722222222222222
919128,0.0,0.0,0.0,0.0,0.0,388.0,381.0,0.9819587628865979
919162,0.0,0.0,0.0,0.0,0.0,2757.0,1199.0,0.4348929996372869
919164,646.0,3.0,322232.0,0.0046439628482972135,498.8111455108359,10.0,4.0,0.4
919166,993.0,6.0,710524.0,0.006042296072507553,715.5327291037261,20.0,2.0,0.1
919188,0.0,0.0,0.0,0.0,0.0,831.0,334.0,0.4019253910950662
919190,2.0,0.0,22.0,0.0,11.0,83.0,60.0,0.7228915662650602
919192,0.0,0.0,0.0,0.0,0.0,2157.0,993.0,0.4603616133518776
919194,0.0,0.0,0.0,0.0,0.0,1295.0,541.0,0.41776061776061774
919196,0.0,0.0,0.0,0.0,0.0,2713.0,1147.0,0.42277921120530776
919198,0.0,0.0,0.0,0.0,0.0,1066.0,471.0,0.44183864915572235
919200,0.0,0.0,0.0,0.0,0.0,1238.0,539.0,0.43537964458804523
919202,0.0,0.0,0.0,0.0,0.0,2433.0,1071.0,0.4401972872996301
919204,1165.0,9.0,1182815.0,0.007725321888412017,1015.2918454935623,9.0,4.0,0.4444444444444444
919206,925.0,9.0,636148.0,0.00972972972972973,687.7275675675676,1.0,0.0,0.0
919214,17.0,0.0,1055.0,0.0,62.05882352941177,1.0,1.0,1.0
919218,19.0,1.0,593.0,0.05263157894736842,31.210526315789473,258.0,132.0,0.5116279069767442
919302,0.0,0.0,0.0,0.0,0.0,2312.0,1033.0,0.4467993079584775
919306,0.0,0.0,0.0,0.0,0.0,1504.0,605.0,0.40226063829787234
919310,0.0,0.0,0.0,0.0,0.0,2077.0,881.0,0.42416947520462206
919314,0.0,0.0,0.0,0.0,0.0,2415.0,1137.0,0.47080745341614905
919318,0.0,0.0,0.0,0.0,0.0,1813.0,962.0,0.5306122448979592
919362,0.0,0.0,0.0,0.0,0.0,2326.0,1056.0,0.45399828030954426
919364,0.0,0.0,0.0,0.0,0.0,4820.0,2688.0,0.5576763485477179
919370,0.0,0.0,0.0,0.0,0.0,1324.0,641.0,0.48413897280966767
919372,0.0,0.0,0.0,0.0,0.0,1563.0,818.0,0.5233525271912988
919374,0.0,0.0,0.0,0.0,0.0,2021.0,1037.0,0.5131123206333498
919376,0.0,0.0,0.0,0.0,0.0,1283.0,521.0,0.4060795011691348
919378,0.0,0.0,0.0,0.0,0.0,1114.0,624.0,0.5601436265709157
919382,0.0,0.0,0.0,0.0,0.0,1629.0,1021.0,0.6267648864333947
919390,0.0,0.0,0.0,0.0,0.0,721.0,435.0,0.6033287101248266
919418,0.0,0.0,0.0,0.0,0.0,2.0,2.0,1.0
919456,0.0,0.0,0.0,0.0,0.0,1147.0,584.0,0.5091543156059285
919464,0.0,0.0,0.0,0.0,0.0,1289.0,660.0,0.5120248254460822
919476,0.0,0.0,0.0,0.0,0.0,1870.0,857.0,0.45828877005347596
919482,0.0,0.0,0.0,0.0,0.0,1392.0,650.0,0.46695402298850575
919490,0.0,0.0,0.0,0.0,0.0,1668.0,810.0,0.4856115107913669
919504,0.0,0.0,0.0,0.0,0.0,1971.0,742.0,0.37645865043125315
919536,2.0,0.0,18.0,0.0,9.0,8.0,6.0,0.75
919552,1087.0,1.0,762336.0,0.0009199632014719411,701.3210671573137,60.0,9.0,0.15
919554,1181.0,11.0,798100.0,0.009314140558848433,675.7832345469941,9.0,1.0,0.1111111111111111
919790,1576.0,0.0,2000287.0,0.0,1269.2176395939086,23.0,7.0,0.30434782608695654
919792,750.0,1.0,405028.0,0.0013333333333333333,540.0373333333333,68.0,9.0,0.1323529411764706
919794,1136.0,1.0,1262731.0,0.0008802816901408451,1111.5589788732395,21.0,7.0,0.3333333333333333
919896,5.0,1.0,101.0,0.2,20.2,0.0,0.0,0.0
919906,0.0,0.0,0.0,0.0,0.0,1495.0,667.0,0.4461538461538462
919910,0.0,0.0,0.0,0.0,0.0,327.0,135.0,0.41284403669724773
919956,11.0,0.0,115.0,0.0,10.454545454545455,0.0,0.0,0.0
919958,2.0,0.0,70.0,0.0,35.0,0.0,0.0,0.0
919994,20.0,0.0,1616.0,0.0,80.8,0.0,0.0,0.0
920146,0.0,0.0,0.0,0.0,0.0,54.0,20.0,0.37037037037037035
920414,0.0,0.0,0.0,0.0,0.0,1266.0,605.0,0.47788309636650866
920416,0.0,0.0,0.0,0.0,0.0,1576.0,1123.0,0.7125634517766497
920666,178.0,1.0,9444.0,0.0056179775280898875,53.056179775280896,264.0,57.0,0.2159090909090909
920706,68.0,6.0,6070.0,0.08823529411764706,89.26470588235294,122.0,43.0,0.3524590163934426
920720,114.0,0.0,9029.0,0.0,79.20175438596492,197.0,71.0,0.3604060913705584
920726,58.0,1.0,2842.0,0.017241379310344827,49.0,51.0,15.0,0.29411764705882354
920728,201.0,4.0,26546.0,0.01990049751243781,132.06965174129354,78.0,31.0,0.3974358974358974
920732,116.0,0.0,16425.0,0.0,141.5948275862069,153.0,40.0,0.26143790849673204
920838,65.0,0.0,3366.0,0.0,51.784615384615385,171.0,62.0,0.36257309941520466
920852,192.0,2.0,12609.0,0.010416666666666666,65.671875,276.0,82.0,0.2971014492753623
920874,33.0,0.0,2005.0,0.0,60.75757575757576,0.0,0.0,0.0
920902,48.0,1.0,6188.0,0.020833333333333332,128.91666666666666,17.0,8.0,0.47058823529411764
920928,0.0,0.0,0.0,0.0,0.0,6.0,0.0,0.0
920930,1.0,0.0,62.0,0.0,62.0,0.0,0.0,0.0
920982,51.0,0.0,3554.0,0.0,69.68627450980392,0.0,0.0,0.0
921062,113.0,0.0,5170.0,0.0,45.75221238938053,3.0,2.0,0.6666666666666666
921102,13.0,0.0,456.0,0.0,35.07692307692308,6.0,3.0,0.5
921104,6.0,0.0,195.0,0.0,32.5,3.0,3.0,1.0
921116,0.0,0.0,0.0,0.0,0.0,66.0,16.0,0.24242424242424243
921306,397.0,4.0,147701.0,0.010075566750629723,372.0428211586902,542.0,201.0,0.37084870848708484
921316,0.0,0.0,0.0,0.0,0.0,33.0,11.0,0.3333333333333333
921318,2318.0,6.0,2131552.0,0.0025884383088869713,919.565142364107,2548.0,1476.0,0.5792778649921507
921320,79.0,1.0,11801.0,0.012658227848101266,149.37974683544303,269.0,114.0,0.42379182156133827
921574,0.0,0.0,0.0,0.0,0.0,1506.0,671.0,0.4455511288180611
921584,0.0,0.0,0.0,0.0,0.0,1266.0,758.0,0.5987361769352291
921592,0.0,0.0,0.0,0.0,0.0,1602.0,622.0,0.3882646691635456
921594,0.0,0.0,0.0,0.0,0.0,1078.0,497.0,0.461038961038961
921596,0.0,0.0,0.0,0.0,0.0,1270.0,552.0,0.4346456692913386
921814,42.0,4.0,2657.0,0.09523809523809523,63.26190476190476,37.0,7.0,0.1891891891891892
921818,1807.0,10.0,685734.0,0.005534034311012728,379.4875484228002,2087.0,562.0,0.26928605654048876
922114,1.0,0.0,61.0,0.0,61.0,5.0,0.0,0.0
922142,0.0,0.0,0.0,0.0,0.0,730.0,329.0,0.4506849315068493
922154,2.0,0.0,18.0,0.0,9.0,0.0,0.0,0.0
922356,18.0,0.0,1181.0,0.0,65.61111111111111,0.0,0.0,0.0
922428,27.0,0.0,506.0,0.0,18.74074074074074,182.0,38.0,0.2087912087912088
922474,63.0,0.0,2786.0,0.0,44.22222222222222,161.0,35.0,0.21739130434782608
922476,0.0,0.0,0.0,0.0,0.0,142.0,36.0,0.2535211267605634
922486,1.0,0.0,8.0,0.0,8.0,1.0,0.0,0.0
922698,3.0,0.0,111.0,0.0,37.0,10.0,8.0,0.8
922710,0.0,0.0,0.0,0.0,0.0,1590.0,811.0,0.510062893081761
923250,0.0,0.0,0.0,0.0,0.0,148.0,0.0,0.0
923254,1.0,0.0,45.0,0.0,45.0,9.0,0.0,0.0
923526,900.0,2.0,201139.0,0.0022222222222222222,223.48777777777778,1832.0,485.0,0.26473799126637554
923528,119.0,2.0,9928.0,0.01680672268907563,83.42857142857143,637.0,147.0,0.23076923076923078
923666,0.0,0.0,0.0,0.0,0.0,1802.0,749.0,0.4156492785793563
923744,1.0,0.0,5.0,0.0,5.0,0.0,0.0,0.0
923944,41.0,0.0,1008.0,0.0,24.585365853658537,0.0,0.0,0.0
924356,0.0,0.0,0.0,0.0,0.0,49.0,14.0,0.2857142857142857
924370,0.0,0.0,0.0,0.0,0.0,3.0,0.0,0.0
924544,104.0,0.0,2691.0,0.0,25.875,13.0,4.0,0.3076923076923077
924546,44.0,1.0,1614.0,0.022727272727272728,36.68181818181818,71.0,9.0,0.1267605633802817
924572,0.0,0.0,0.0,0.0,0.0,1.0,1.0,1.0
924614,6.0,0.0,57.0,0.0,9.5,16.0,16.0,1.0
924662,1.0,0.0,20.0,0.0,20.0,0.0,0.0,0.0
924928,22.0,1.0,1580.0,0.045454545454545456,71.81818181818181,10.0,4.0,0.4
924930,18.0,1.0,1009.0,0.05555555555555555,56.05555555555556,171.0,48.0,0.2807017543859649
924932,3.0,0.0,54.0,0.0,18.0,3.0,0.0,0.0
924934,5.0,0.0,275.0,0.0,55.0,380.0,119.0,0.3131578947368421
924936,8.0,2.0,209.0,0.25,26.125,0.0,0.0,0.0
924940,8.0,0.0,292.0,0.0,36.5,146.0,61.0,0.4178082191780822
924946,5.0,0.0,366.0,0.0,73.2,14.0,7.0,0.5
924948,12.0,1.0,235.0,0.08333333333333333,19.583333333333332,200.0,73.0,0.365
924950,25.0,0.0,1203.0,0.0,48.12,163.0,35.0,0.2147239263803681
924952,22.0,0.0,1103.0,0.0,50.13636363636363,54.0,14.0,0.25925925925925924
924954,16.0,1.0,869.0,0.0625,54.3125,75.0,24.0,0.32
924956,30.0,0.0,1151.0,0.0,38.36666666666667,42.0,17.0,0.40476190476190477
924958,28.0,0.0,756.0,0.0,27.0,150.0,52.0,0.3466666666666667
924960,49.0,1.0,2719.0,0.02040816326530612,55.48979591836735,144.0,45.0,0.3125
925104,873.0,0.0,126474.0,0.0,144.87285223367698,1182.0,389.0,0.3291032148900169
925106,17.0,0.0,724.0,0.0,42.588235294117645,0.0,0.0,0.0
925134,0.0,0.0,0.0,0.0,0.0,44.0,10.0,0.22727272727272727
925808,9.0,0.0,256.0,0.0,28.444444444444443,0.0,0.0,0.0
925826,157.0,1.0,5799.0,0.006369426751592357,36.93630573248408,504.0,164.0,0.3253968253968254
925828,160.0,0.0,6108.0,0.0,38.175,429.0,192.0,0.44755244755244755
925922,418.0,10.0,75661.0,0.023923444976076555,181.0071770334928,19603.0,9248.0,0.471764525837882
926184,32.0,0.0,1538.0,0.0,48.0625,31.0,13.0,0.41935483870967744
926214,3.0,0.0,81.0,0.0,27.0,0.0,0.0,0.0
926312,10.0,0.0,157.0,0.0,15.7,129.0,76.0,0.5891472868217055
926486,14.0,0.0,166.0,0.0,11.857142857142858,2280.0,1183.0,0.518859649122807
926490,8.0,0.0,219.0,0.0,27.375,128.0,55.0,0.4296875
926872,24.0,3.0,41.0,0.125,1.7083333333333333,7.0,4.0,0.5714285714285714
927070,32.0,0.0,2848.0,0.0,89.0,0.0,0.0,0.0
927142,4.0,0.0,15.0,0.0,3.75,3.0,2.0,0.6666666666666666
927908,5.0,0.0,31.0,0.0,6.2,0.0,0.0,0.0
927910,23.0,1.0,205.0,0.043478260869565216,8.91304347826087,0.0,0.0,0.0
927912,17.0,1.0,133.0,0.058823529411764705,7.823529411764706,0.0,0.0,0.0
927916,134.0,0.0,2584.0,0.0,19.28358208955224,426.0,106.0,0.24882629107981222
928022,4.0,0.0,154.0,0.0,38.5,0.0,0.0,0.0
928092,5.0,0.0,410.0,0.0,82.0,0.0,0.0,0.0
928142,7.0,0.0,96.0,0.0,13.714285714285714,0.0,0.0,0.0
928202,24.0,0.0,868.0,0.0,36.166666666666664,0.0,0.0,0.0
928228,0.0,0.0,0.0,0.0,0.0,47.0,22.0,0.46808510638297873
928312,18.0,0.0,388.0,0.0,21.555555555555557,1834.0,689.0,0.3756815703380589
928382,9.0,1.0,39.0,0.1111111111111111,4.333333333333333,9.0,5.0,0.5555555555555556
928404,5.0,0.0,138.0,0.0,27.6,0.0,0.0,0.0
928518,0.0,0.0,0.0,0.0,0.0,312.0,113.0,0.36217948717948717
928886,53.0,1.0,1257.0,0.018867924528301886,23.71698113207547,680.0,288.0,0.4235294117647059
928888,314.0,1.0,27719.0,0.0031847133757961785,88.27707006369427,547.0,216.0,0.39488117001828155
928926,1.0,0.0,5.0,0.0,5.0,15.0,9.0,0.6
929228,1.0,0.0,24.0,0.0,24.0,83.0,27.0,0.3253012048192771
929332,35.0,0.0,1858.0,0.0,53.08571428571429,0.0,0.0,0.0
929340,6.0,0.0,438.0,0.0,73.0,0.0,0.0,0.0
929424,1265.0,5.0,73912.0,0.003952569169960474,58.428458498023716,3962.0,1779.0,0.44901564866229177
929426,0.0,0.0,0.0,0.0,0.0,11189.0,6347.0,0.5672535525963
929428,0.0,0.0,0.0,0.0,0.0,23754.0,19118.0,0.804832870253431
929544,0.0,0.0,0.0,0.0,0.0,66.0,18.0,0.2727272727272727
929622,12.0,0.0,278.0,0.0,23.166666666666668,4.0,1.0,0.25
929626,35.0,0.0,1219.0,0.0,34.82857142857143,19.0,8.0,0.42105263157894735
929876,36.0,1.0,1402.0,0.027777777777777776,38.94444444444444,66.0,29.0,0.4393939393939394
929884,31.0,0.0,2679.0,0.0,86.41935483870968,24.0,5.0,0.20833333333333334
930020,85.0,5.0,2977.0,0.058823529411764705,35.023529411764706,549.0,182.0,0.331511839708561
930186,5.0,0.0,35.0,0.0,7.0,53.0,35.0,0.660377358490566
930242,4.0,1.0,69.0,0.25,17.25,0.0,0.0,0.0
930264,4.0,0.0,53.0,0.0,13.25,0.0,0.0,0.0
930326,10.0,0.0,178.0,0.0,17.8,1.0,0.0,0.0
930510,2.0,0.0,44.0,0.0,22.0,2.0,0.0,0.0
930524,0.0,0.0,0.0,0.0,0.0,28.0,0.0,0.0
930582,1.0,0.0,16.0,0.0,16.0,0.0,0.0,0.0
930586,0.0,0.0,0.0,0.0,0.0,223.0,100.0,0.4484304932735426
930590,0.0,0.0,0.0,0.0,0.0,61.0,15.0,0.2459016393442623
930594,2.0,0.0,42.0,0.0,21.0,53.0,18.0,0.33962264150943394
930660,4.0,0.0,52.0,0.0,13.0,11.0,5.0,0.45454545454545453
930662,0.0,0.0,0.0,0.0,0.0,23.0,2.0,0.08695652173913043
930690,2.0,0.0,13.0,0.0,6.5,4.0,2.0,0.5
930692,0.0,0.0,0.0,0.0,0.0,6.0,0.0,0.0
930814,11.0,0.0,311.0,0.0,28.272727272727273,3.0,2.0,0.6666666666666666
930816,4.0,0.0,51.0,0.0,12.75,1.0,0.0,0.0
930818,3.0,0.0,41.0,0.0,13.666666666666666,0.0,0.0,0.0
930820,5.0,0.0,71.0,0.0,14.2,1.0,0.0,0.0
930908,34.0,0.0,395.0,0.0,11.617647058823529,36.0,12.0,0.3333333333333333
930910,1.0,0.0,5.0,0.0,5.0,11.0,0.0,0.0
930912,0.0,0.0,0.0,0.0,0.0,211.0,113.0,0.5355450236966824
930914,0.0,0.0,0.0,0.0,0.0,308.0,126.0,0.4090909090909091
931458,2075.0,12.0,2602068.0,0.005783132530120482,1254.0086746987952,2351.0,1078.0,0.45852828583581456
931914,31.0,0.0,1130.0,0.0,36.45161290322581,0.0,0.0,0.0
932050,0.0,0.0,0.0,0.0,0.0,145.0,62.0,0.42758620689655175
932088,0.0,0.0,0.0,0.0,0.0,12.0,2.0,0.16666666666666666
932246,0.0,0.0,0.0,0.0,0.0,1.0,1.0,1.0
932292,6.0,0.0,144.0,0.0,24.0,97.0,29.0,0.29896907216494845
932304,2.0,0.0,40.0,0.0,20.0,43.0,12.0,0.27906976744186046
932460,25.0,1.0,997.0,0.04,39.88,0.0,0.0,0.0
932498,1.0,0.0,11.0,0.0,11.0,274.0,122.0,0.44525547445255476
932500,8.0,0.0,224.0,0.0,28.0,1167.0,592.0,0.5072836332476436
932502,4.0,0.0,63.0,0.0,15.75,755.0,313.0,0.41456953642384103
932672,7.0,0.0,42.0,0.0,6.0,0.0,0.0,0.0
932676,0.0,0.0,0.0,0.0,0.0,4.0,3.0,0.75
932750,12.0,0.0,328.0,0.0,27.333333333333332,17.0,7.0,0.4117647058823529
932754,2.0,0.0,11.0,0.0,5.5,3.0,2.0,0.6666666666666666
932798,95.0,1.0,5632.0,0.010526315789473684,59.28421052631579,9.0,5.0,0.5555555555555556
932836,21.0,0.0,637.0,0.0,30.333333333333332,242.0,78.0,0.32231404958677684
932856,0.0,0.0,0.0,0.0,0.0,4.0,1.0,0.25
933070,67.0,1.0,8116.0,0.014925373134328358,121.13432835820896,782.0,385.0,0.49232736572890023
933244,2.0,0.0,18.0,0.0,9.0,84.0,36.0,0.42857142857142855
933452,0.0,0.0,0.0,0.0,0.0,4.0,3.0,0.75
933804,25.0,0.0,689.0,0.0,27.56,0.0,0.0,0.0
933806,0.0,0.0,0.0,0.0,0.0,333.0,165.0,0.4954954954954955
933810,0.0,0.0,0.0,0.0,0.0,107.0,44.0,0.411214953271028
933832,23.0,0.0,932.0,0.0,40.52173913043478,0.0,0.0,0.0
933986,14.0,1.0,389.0,0.07142857142857142,27.785714285714285,8.0,4.0,0.5
933996,4.0,0.0,102.0,0.0,25.5,7.0,6.0,0.8571428571428571
934000,8.0,0.0,240.0,0.0,30.0,0.0,0.0,0.0
934074,37.0,1.0,1294.0,0.02702702702702703,34.972972972972975,0.0,0.0,0.0
934076,11.0,1.0,762.0,0.09090909090909091,69.27272727272727,0.0,0.0,0.0
934098,4.0,1.0,154.0,0.25,38.5,0.0,0.0,0.0
934170,8.0,0.0,196.0,0.0,24.5,0.0,0.0,0.0
934188,6.0,0.0,368.0,0.0,61.333333333333336,2.0,1.0,0.5
934424,6.0,0.0,221.0,0.0,36.833333333333336,0.0,0.0,0.0
934426,0.0,0.0,0.0,0.0,0.0,222.0,110.0,0.4954954954954955
934428,36.0,0.0,1754.0,0.0,48.72222222222222,0.0,0.0,0.0
934430,28.0,1.0,1446.0,0.03571428571428571,51.642857142857146,0.0,0.0,0.0
934432,8.0,0.0,501.0,0.0,62.625,0.0,0.0,0.0
934534,125.0,0.0,12667.0,0.0,101.336,0.0,0.0,0.0
934608,9.0,0.0,174.0,0.0,19.333333333333332,0.0,0.0,0.0
935216,2.0,0.0,10.0,0.0,5.0,27.0,6.0,0.2222222222222222
935244,2.0,0.0,76.0,0.0,38.0,27.0,12.0,0.4444444444444444
935246,0.0,0.0,0.0,0.0,0.0,4.0,3.0,0.75
935264,4.0,0.0,70.0,0.0,17.5,55.0,18.0,0.32727272727272727
935268,5.0,0.0,69.0,0.0,13.8,0.0,0.0,0.0
935348,145.0,1.0,9405.0,0.006896551724137931,64.86206896551724,165.0,64.0,0.3878787878787879
935394,1.0,0.0,7.0,0.0,7.0,0.0,0.0,0.0
935548,19.0,0.0,387.0,0.0,20.36842105263158,2.0,1.0,0.5
935870,8.0,0.0,135.0,0.0,16.875,0.0,0.0,0.0
935956,2.0,0.0,105.0,0.0,52.5,1.0,0.0,0.0
935958,31.0,0.0,1655.0,0.0,53.38709677419355,0.0,0.0,0.0
936110,155.0,0.0,13652.0,0.0,88.07741935483871,0.0,0.0,0.0
936296,0.0,0.0,0.0,0.0,0.0,3.0,3.0,1.0
936324,28.0,0.0,1524.0,0.0,54.42857142857143,91.0,41.0,0.45054945054945056
936382,1.0,0.0,39.0,0.0,39.0,386.0,124.0,0.32124352331606215
936514,74.0,0.0,6569.0,0.0,88.77027027027027,0.0,0.0,0.0
936984,70.0,0.0,2817.0,0.0,40.24285714285714,0.0,0.0,0.0
937156,0.0,0.0,0.0,0.0,0.0,55.0,22.0,0.4
937352,0.0,0.0,0.0,0.0,0.0,27.0,11.0,0.4074074074074074
937362,5.0,0.0,653.0,0.0,130.6,1.0,0.0,0.0
937366,3.0,0.0,258.0,0.0,86.0,1.0,1.0,1.0
937368,22.0,4.0,1333.0,0.18181818181818182,60.59090909090909,2.0,1.0,0.5
937370,1.0,0.0,7.0,0.0,7.0,0.0,0.0,0.0
937372,0.0,0.0,0.0,0.0,0.0,1168.0,637.0,0.5453767123287672
937374,25.0,0.0,1765.0,0.0,70.6,0.0,0.0,0.0
937422,0.0,0.0,0.0,0.0,0.0,6.0,4.0,0.6666666666666666
937432,3.0,1.0,36.0,0.3333333333333333,12.0,0.0,0.0,0.0
937604,7.0,0.0,182.0,0.0,26.0,46.0,19.0,0.41304347826086957
937650,0.0,0.0,0.0,0.0,0.0,91.0,47.0,0.5164835164835165
937678,15.0,0.0,314.0,0.0,20.933333333333334,155.0,102.0,0.6580645161290323
937708,184.0,0.0,18141.0,0.0,98.59239130434783,648.0,313.0,0.48302469135802467
937716,0.0,0.0,0.0,0.0,0.0,1.0,1.0,1.0
937732,107.0,2.0,9522.0,0.018691588785046728,88.99065420560747,191.0,120.0,0.6282722513089005
937736,259.0,2.0,36159.0,0.007722007722007722,139.6100386100386,1148.0,670.0,0.5836236933797909
937742,15.0,0.0,460.0,0.0,30.666666666666668,3.0,0.0,0.0
937750,56.0,1.0,3776.0,0.017857142857142856,67.42857142857143,46.0,27.0,0.5869565217391305
937752,397.0,0.0,70361.0,0.0,177.23173803526447,1614.0,944.0,0.5848822800495663
937760,267.0,1.0,33257.0,0.003745318352059925,124.55805243445693,727.0,463.0,0.6368638239339752
937762,87.0,1.0,5048.0,0.011494252873563218,58.02298850574713,195.0,75.0,0.38461538461538464
937770,0.0,0.0,0.0,0.0,0.0,1.0,1.0,1.0
937772,0.0,0.0,0.0,0.0,0.0,1.0,1.0,1.0
937774,138.0,0.0,23303.0,0.0,168.86231884057972,137.0,72.0,0.5255474452554745
937778,0.0,0.0,0.0,0.0,0.0,1.0,1.0,1.0
937780,143.0,1.0,10555.0,0.006993006993006993,73.81118881118881,773.0,360.0,0.46571798188874514
937782,25.0,0.0,720.0,0.0,28.8,26.0,14.0,0.5384615384615384
937786,0.0,0.0,0.0,0.0,0.0,10.0,5.0,0.5
937788,121.0,0.0,9188.0,0.0,75.93388429752066,472.0,259.0,0.548728813559322
937808,120.0,1.0,7821.0,0.008333333333333333,65.175,802.0,384.0,0.47880299251870323
937810,74.0,0.0,2172.0,0.0,29.35135135135135,269.0,147.0,0.5464684014869888
937812,149.0,1.0,14552.0,0.006711409395973154,97.66442953020135,187.0,80.0,0.42780748663101603
937854,156.0,0.0,11570.0,0.0,74.16666666666667,536.0,236.0,0.44029850746268656
937856,10.0,0.0,195.0,0.0,19.5,28.0,11.0,0.39285714285714285
937860,212.0,5.0,16012.0,0.02358490566037736,75.52830188679245,1424.0,752.0,0.5280898876404494
937862,119.0,0.0,7582.0,0.0,63.714285714285715,353.0,146.0,0.41359773371104813
937864,44.0,1.0,2885.0,0.022727272727272728,65.56818181818181,38.0,17.0,0.4473684210526316
937868,61.0,1.0,2560.0,0.01639344262295082,41.967213114754095,250.0,87.0,0.348
937870,0.0,0.0,0.0,0.0,0.0,13.0,7.0,0.5384615384615384
937872,0.0,0.0,0.0,0.0,0.0,1.0,1.0,1.0
937874,18.0,1.0,817.0,0.05555555555555555,45.388888888888886,131.0,34.0,0.2595419847328244
937880,6.0,0.0,101.0,0.0,16.833333333333332,0.0,0.0,0.0
937888,185.0,0.0,12002.0,0.0,64.87567567567568,972.0,502.0,0.5164609053497943
937898,9.0,2.0,406.0,0.2222222222222222,45.111111111111114,26.0,20.0,0.7692307692307693
937900,0.0,0.0,0.0,0.0,0.0,4.0,3.0,0.75
937902,239.0,1.0,32068.0,0.0041841004184100415,134.17573221757323,899.0,423.0,0.47052280311457173
937956,758.0,24.0,19498.0,0.0316622691292876,25.722955145118732,1.0,1.0,1.0
937958,285.0,8.0,15637.0,0.028070175438596492,54.86666666666667,0.0,0.0,0.0
937960,199.0,2.0,15924.0,0.010050251256281407,80.02010050251256,0.0,0.0,0.0
937962,99.0,2.0,7537.0,0.020202020202020204,76.13131313131314,0.0,0.0,0.0
937966,229.0,2.0,19642.0,0.008733624454148471,85.77292576419214,818.0,509.0,0.6222493887530562
937980,76.0,0.0,4786.0,0.0,62.973684210526315,129.0,64.0,0.49612403100775193
937984,15.0,0.0,437.0,0.0,29.133333333333333,20.0,15.0,0.75
937988,71.0,0.0,3055.0,0.0,43.028169014084504,274.0,113.0,0.4124087591240876
938022,14.0,0.0,580.0,0.0,41.42857142857143,264.0,120.0,0.45454545454545453
938070,0.0,0.0,0.0,0.0,0.0,671.0,298.0,0.44411326378539495
938072,0.0,0.0,0.0,0.0,0.0,472.0,197.0,0.4173728813559322
938074,0.0,0.0,0.0,0.0,0.0,611.0,282.0,0.46153846153846156
938078,0.0,0.0,0.0,0.0,0.0,749.0,356.0,0.4753004005340454
938080,0.0,0.0,0.0,0.0,0.0,660.0,272.0,0.4121212121212121
938414,93.0,2.0,35064.0,0.021505376344086023,377.03225806451616,45.0,27.0,0.6
938432,9.0,0.0,463.0,0.0,51.44444444444444,0.0,0.0,0.0
938612,64.0,0.0,1582.0,0.0,24.71875,125.0,31.0,0.248
938614,33.0,1.0,904.0,0.030303030303030304,27.393939393939394,29.0,10.0,0.3448275862068966
938842,0.0,0.0,0.0,0.0,0.0,90.0,35.0,0.3888888888888889
938896,1058.0,5.0,246526.0,0.004725897920604915,233.01134215500946,2266.0,590.0,0.26037069726390116
939212,8.0,0.0,188.0,0.0,23.5,8.0,6.0,0.75
939218,11.0,0.0,126.0,0.0,11.454545454545455,359.0,145.0,0.403899721448468
939222,34.0,0.0,735.0,0.0,21.61764705882353,873.0,314.0,0.35967926689576174
939224,32.0,1.0,1400.0,0.03125,43.75,1341.0,706.0,0.5264727815063386
939236,0.0,0.0,0.0,0.0,0.0,5.0,0.0,0.0
939370,482.0,4.0,175239.0,0.008298755186721992,363.5663900414938,491.0,140.0,0.285132382892057
939376,261.0,1.0,43267.0,0.0038314176245210726,165.77394636015325,1075.0,387.0,0.36
939470,19.0,0.0,835.0,0.0,43.94736842105263,727.0,270.0,0.3713892709766162
939474,187.0,0.0,46346.0,0.0,247.83957219251337,561.0,186.0,0.3315508021390374
939476,40.0,1.0,3311.0,0.025,82.775,716.0,295.0,0.41201117318435754
939478,19.0,1.0,1072.0,0.05263157894736842,56.421052631578945,102.0,49.0,0.4803921568627451
939684,17.0,0.0,396.0,0.0,23.294117647058822,116.0,53.0,0.45689655172413796
939698,2.0,0.0,26.0,0.0,13.0,1.0,0.0,0.0
939706,519.0,4.0,147685.0,0.007707129094412331,284.5568400770713,1016.0,279.0,0.27460629921259844
939708,10.0,1.0,239.0,0.1,23.9,36.0,10.0,0.2777777777777778
939716,8.0,0.0,196.0,0.0,24.5,8.0,4.0,0.5
939718,0.0,0.0,0.0,0.0,0.0,10.0,9.0,0.9
939736,0.0,0.0,0.0,0.0,0.0,6.0,2.0,0.3333333333333333
939738,0.0,0.0,0.0,0.0,0.0,628.0,273.0,0.43471337579617836
939762,804.0,0.0,325035.0,0.0,404.2723880597015,1858.0,769.0,0.41388589881593113
939886,0.0,0.0,0.0,0.0,0.0,268.0,59.0,0.22014925373134328
940430,63.0,1.0,224.0,0.015873015873015872,3.5555555555555554,27.0,13.0,0.48148148148148145
940432,139.0,0.0,15860.0,0.0,114.10071942446044,166.0,39.0,0.23493975903614459
940434,126.0,0.0,4956.0,0.0,39.333333333333336,133.0,41.0,0.3082706766917293
940436,30.0,0.0,1618.0,0.0,53.93333333333333,6.0,3.0,0.5
940438,62.0,0.0,1227.0,0.0,19.79032258064516,374.0,103.0,0.27540106951871657
940440,46.0,0.0,1716.0,0.0,37.30434782608695,14.0,8.0,0.5714285714285714
940442,196.0,3.0,1413.0,0.015306122448979591,7.209183673469388,297.0,79.0,0.265993265993266
940456,25.0,0.0,449.0,0.0,17.96,18.0,15.0,0.8333333333333334
940458,20.0,0.0,829.0,0.0,41.45,60.0,12.0,0.2
940460,0.0,0.0,0.0,0.0,0.0,78.0,25.0,0.32051282051282054
940474,0.0,0.0,0.0,0.0,0.0,13.0,6.0,0.46153846153846156
940486,0.0,0.0,0.0,0.0,0.0,17.0,12.0,0.7058823529411765
940508,1.0,0.0,42.0,0.0,42.0,0.0,0.0,0.0
940512,1.0,0.0,19.0,0.0,19.0,0.0,0.0,0.0
940514,1.0,0.0,11.0,0.0,11.0,0.0,0.0,0.0
940568,0.0,0.0,0.0,0.0,0.0,5.0,4.0,0.8
940588,2108.0,30.0,601259.0,0.014231499051233396,285.22722960151805,64.0,30.0,0.46875
940596,0.0,0.0,0.0,0.0,0.0,392.0,144.0,0.3673469387755102
940610,0.0,0.0,0.0,0.0,0.0,1.0,0.0,0.0
940614,142.0,3.0,12114.0,0.02112676056338028,85.30985915492958,422.0,180.0,0.4265402843601896
940616,572.0,5.0,107239.0,0.008741258741258742,187.48076923076923,2360.0,995.0,0.4216101694915254
940622,674.0,16.0,172924.0,0.02373887240356083,256.56379821958456,709.0,275.0,0.38787023977433005
940624,551.0,3.0,97357.0,0.0054446460980036296,176.69147005444646,1163.0,452.0,0.3886500429922614
940630,1959.0,15.0,684166.0,0.007656967840735069,349.24247064828995,119.0,54.0,0.453781512605042
940634,427.0,5.0,130928.0,0.0117096018735363,306.62295081967216,1617.0,654.0,0.4044526901669759
940652,411.0,8.0,58597.0,0.019464720194647202,142.57177615571777,854.0,356.0,0.4168618266978923
940658,842.0,10.0,184283.0,0.011876484560570071,218.86342042755345,1716.0,828.0,0.4825174825174825
940782,0.0,0.0,0.0,0.0,0.0,2.0,0.0,0.0
940802,0.0,0.0,0.0,0.0,0.0,4.0,3.0,0.75
940814,0.0,0.0,0.0,0.0,0.0,2.0,1.0,0.5
940828,0.0,0.0,0.0,0.0,0.0,6.0,2.0,0.3333333333333333
940848,0.0,0.0,0.0,0.0,0.0,2.0,1.0,0.5
940952,141.0,0.0,34821.0,0.0,246.95744680851064,110.0,84.0,0.7636363636363637
940968,18.0,0.0,583.0,0.0,32.388888888888886,0.0,0.0,0.0
941192,0.0,0.0,0.0,0.0,0.0,1139.0,693.0,0.6084284460052678
941384,47.0,0.0,1387.0,0.0,29.51063829787234,654.0,269.0,0.41131498470948014
941390,1.0,0.0,5.0,0.0,5.0,369.0,151.0,0.4092140921409214
941628,1.0,0.0,19.0,0.0,19.0,147.0,50.0,0.3401360544217687
941740,0.0,0.0,0.0,0.0,0.0,4.0,2.0,0.5
941786,3.0,0.0,117.0,0.0,39.0,0.0,0.0,0.0
941810,0.0,0.0,0.0,0.0,0.0,1.0,1.0,1.0
941838,0.0,0.0,0.0,0.0,0.0,9.0,2.0,0.2222222222222222
941842,0.0,0.0,0.0,0.0,0.0,3.0,2.0,0.6666666666666666
941844,7.0,1.0,245.0,0.14285714285714285,35.0,11.0,4.0,0.36363636363636365
942174,0.0,0.0,0.0,0.0,0.0,6.0,3.0,0.5
942214,1.0,0.0,12.0,0.0,12.0,0.0,0.0,0.0
943050,0.0,0.0,0.0,0.0,0.0,73.0,61.0,0.8356164383561644
943066,89.0,0.0,13535.0,0.0,152.07865168539325,171.0,48.0,0.2807017543859649
943818,1.0,0.0,5.0,0.0,5.0,20.0,5.0,0.25
944210,114.0,0.0,43615.0,0.0,382.5877192982456,46.0,12.0,0.2608695652173913
944216,234.0,24.0,53813.0,0.10256410256410256,229.97008547008548,133.0,31.0,0.23308270676691728
944218,245.0,15.0,64484.0,0.061224489795918366,263.2,164.0,34.0,0.2073170731707317
944220,263.0,18.0,70688.0,0.06844106463878327,268.77566539923953,221.0,68.0,0.3076923076923077
944222,184.0,17.0,38571.0,0.09239130434782608,209.625,344.0,89.0,0.25872093023255816
944226,180.0,30.0,42183.0,0.16666666666666666,234.35,109.0,22.0,0.2018348623853211
944228,29.0,0.0,10241.0,0.0,353.13793103448273,5.0,3.0,0.6
944246,9.0,0.0,723.0,0.0,80.33333333333333,1.0,0.0,0.0
944310,1.0,0.0,3.0,0.0,3.0,0.0,0.0,0.0
944474,6.0,0.0,450.0,0.0,75.0,12.0,5.0,0.4166666666666667
944476,189.0,0.0,22008.0,0.0,116.44444444444444,16.0,14.0,0.875
944560,5.0,0.0,191.0,0.0,38.2,1.0,1.0,1.0
944564,2.0,0.0,28.0,0.0,14.0,0.0,0.0,0.0
944644,26.0,0.0,1418.0,0.0,54.53846153846154,136.0,27.0,0.19852941176470587
944646,219.0,1.0,32382.0,0.0045662100456621,147.86301369863014,329.0,81.0,0.24620060790273557
944648,5.0,0.0,363.0,0.0,72.6,12.0,7.0,0.5833333333333334
944764,355.0,2.0,90601.0,0.005633802816901409,255.21408450704226,256.0,87.0,0.33984375
944766,152.0,1.0,27252.0,0.006578947368421052,179.28947368421052,140.0,40.0,0.2857142857142857
944808,229.0,0.0,7419.0,0.0,32.39737991266376,0.0,0.0,0.0
944908,2.0,0.0,27.0,0.0,13.5,0.0,0.0,0.0
945046,58.0,4.0,7926.0,0.06896551724137931,136.6551724137931,27.0,11.0,0.4074074074074074
945052,58.0,2.0,7574.0,0.034482758620689655,130.58620689655172,12.0,9.0,0.75
945058,4.0,0.0,185.0,0.0,46.25,1.0,1.0,1.0
945074,0.0,0.0,0.0,0.0,0.0,3.0,3.0,1.0
945274,0.0,0.0,0.0,0.0,0.0,1.0,0.0,0.0
945278,0.0,0.0,0.0,0.0,0.0,4000.0,1763.0,0.44075
945280,0.0,0.0,0.0,0.0,0.0,2396.0,1138.0,0.4749582637729549
945282,0.0,0.0,0.0,0.0,0.0,2308.0,718.0,0.31109185441941073
945284,0.0,0.0,0.0,0.0,0.0,2069.0,709.0,0.34267762203963265
945286,0.0,0.0,0.0,0.0,0.0,6873.0,3619.0,0.5265531791066492
945288,0.0,0.0,0.0,0.0,0.0,2209.0,579.0,0.2621095518334088
945290,0.0,0.0,0.0,0.0,0.0,3373.0,1676.0,0.49688704417432555
945294,0.0,0.0,0.0,0.0,0.0,3368.0,1360.0,0.40380047505938244
945296,0.0,0.0,0.0,0.0,0.0,2432.0,1040.0,0.4276315789473684
945298,0.0,0.0,0.0,0.0,0.0,1299.0,217.0,0.16705157813702848
945302,0.0,0.0,0.0,0.0,0.0,6136.0,3182.0,0.5185788787483703
945304,0.0,0.0,0.0,0.0,0.0,2576.0,954.0,0.3703416149068323
945308,0.0,0.0,0.0,0.0,0.0,1584.0,649.0,0.4097222222222222
945310,0.0,0.0,0.0,0.0,0.0,3309.0,1475.0,0.44575400423088546
945312,0.0,0.0,0.0,0.0,0.0,2146.0,668.0,0.31127679403541475
945314,0.0,0.0,0.0,0.0,0.0,1759.0,762.0,0.43320068220579877
945316,0.0,0.0,0.0,0.0,0.0,2573.0,1092.0,0.4244073066459386
945318,0.0,0.0,0.0,0.0,0.0,1839.0,673.0,0.36595976073953235
945320,0.0,0.0,0.0,0.0,0.0,2177.0,725.0,0.3330271015158475
945322,0.0,0.0,0.0,0.0,0.0,4773.0,2085.0,0.4368321810182275
945324,0.0,0.0,0.0,0.0,0.0,2225.0,879.0,0.3950561797752809
945710,1.0,0.0,17.0,0.0,17.0,0.0,0.0,0.0
945728,0.0,0.0,0.0,0.0,0.0,87.0,42.0,0.4827586206896552
945894,0.0,0.0,0.0,0.0,0.0,1464.0,656.0,0.44808743169398907
945898,0.0,0.0,0.0,0.0,0.0,3.0,3.0,1.0
945900,0.0,0.0,0.0,0.0,0.0,4209.0,1874.0,0.44523639819434546
945902,0.0,0.0,0.0,0.0,0.0,2835.0,1387.0,0.4892416225749559
945904,0.0,0.0,0.0,0.0,0.0,3813.0,1587.0,0.4162077104642014
946020,1.0,0.0,3.0,0.0,3.0,0.0,0.0,0.0
946032,1.0,0.0,8.0,0.0,8.0,0.0,0.0,0.0
946072,0.0,0.0,0.0,0.0,0.0,1.0,1.0,1.0
946454,0.0,0.0,0.0,0.0,0.0,13.0,13.0,1.0
946468,1.0,0.0,25.0,0.0,25.0,0.0,0.0,0.0
946582,44.0,0.0,1102.0,0.0,25.045454545454547,27.0,10.0,0.37037037037037035
946916,32.0,0.0,1818.0,0.0,56.8125,0.0,0.0,0.0
946988,3.0,0.0,51.0,0.0,17.0,5.0,5.0,1.0
947304,35.0,3.0,488.0,0.08571428571428572,13.942857142857143,618.0,207.0,0.33495145631067963
947306,1.0,0.0,10.0,0.0,10.0,0.0,0.0,0.0
947480,0.0,0.0,0.0,0.0,0.0,1.0,1.0,1.0
947590,0.0,0.0,0.0,0.0,0.0,159.0,60.0,0.37735849056603776
947592,0.0,0.0,0.0,0.0,0.0,800.0,405.0,0.50625
947596,0.0,0.0,0.0,0.0,0.0,1.0,0.0,0.0
947598,0.0,0.0,0.0,0.0,0.0,403.0,200.0,0.49627791563275436
947600,0.0,0.0,0.0,0.0,0.0,292.0,168.0,0.5753424657534246
947604,1.0,0.0,14.0,0.0,14.0,902.0,559.0,0.6197339246119734
947610,2.0,0.0,19.0,0.0,9.5,5.0,2.0,0.4
947612,1.0,0.0,18.0,0.0,18.0,101.0,33.0,0.32673267326732675
947614,0.0,0.0,0.0,0.0,0.0,981.0,574.0,0.5851172273190621
947616,0.0,0.0,0.0,0.0,0.0,1955.0,1165.0,0.5959079283887468
947618,0.0,0.0,0.0,0.0,0.0,1059.0,618.0,0.5835694050991501
947620,0.0,0.0,0.0,0.0,0.0,1147.0,790.0,0.6887532693984307
947636,0.0,0.0,0.0,0.0,0.0,100.0,60.0,0.6
947638,0.0,0.0,0.0,0.0,0.0,1154.0,673.0,0.5831889081455806
947640,0.0,0.0,0.0,0.0,0.0,406.0,225.0,0.5541871921182266
947642,0.0,0.0,0.0,0.0,0.0,891.0,665.0,0.7463524130190797
947644,0.0,0.0,0.0,0.0,0.0,435.0,157.0,0.36091954022988504
947646,0.0,0.0,0.0,0.0,0.0,1887.0,1036.0,0.5490196078431373
947648,0.0,0.0,0.0,0.0,0.0,2804.0,1752.0,0.6248216833095578
947650,0.0,0.0,0.0,0.0,0.0,1593.0,931.0,0.5844318895166353
947652,0.0,0.0,0.0,0.0,0.0,506.0,272.0,0.5375494071146245
947654,0.0,0.0,0.0,0.0,0.0,2248.0,1542.0,0.6859430604982206
947658,0.0,0.0,0.0,0.0,0.0,2648.0,1680.0,0.6344410876132931
947816,11.0,0.0,386.0,0.0,35.09090909090909,27.0,10.0,0.37037037037037035
947818,12.0,0.0,675.0,0.0,56.25,33.0,6.0,0.18181818181818182
947820,0.0,0.0,0.0,0.0,0.0,9.0,1.0,0.1111111111111111
948150,24.0,0.0,2794.0,0.0,116.41666666666667,7.0,4.0,0.5714285714285714
948170,2.0,0.0,30.0,0.0,15.0,3.0,0.0,0.0
948182,111.0,0.0,8011.0,0.0,72.17117117117117,450.0,136.0,0.3022222222222222
948282,1.0,0.0,1.0,0.0,1.0,0.0,0.0,0.0
948284,4.0,0.0,107.0,0.0,26.75,0.0,0.0,0.0
948286,312.0,15.0,88728.0,0.04807692307692308,284.38461538461536,0.0,0.0,0.0
948288,22.0,1.0,668.0,0.045454545454545456,30.363636363636363,0.0,0.0,0.0
948524,4.0,0.0,22.0,0.0,5.5,0.0,0.0,0.0
948756,1.0,1.0,8.0,1.0,8.0,153.0,37.0,0.24183006535947713
948758,18.0,1.0,2399.0,0.05555555555555555,133.27777777777777,494.0,142.0,0.2874493927125506
949252,3.0,0.0,68.0,0.0,22.666666666666668,0.0,0.0,0.0
949420,5.0,0.0,6.0,0.0,1.2,1.0,1.0,1.0
950444,0.0,0.0,0.0,0.0,0.0,85.0,36.0,0.4235294117647059
950632,1.0,0.0,13.0,0.0,13.0,0.0,0.0,0.0
950634,9.0,0.0,140.0,0.0,15.555555555555555,0.0,0.0,0.0
950640,1.0,0.0,9.0,0.0,9.0,0.0,0.0,0.0
950672,1.0,0.0,13.0,0.0,13.0,34.0,11.0,0.3235294117647059
950806,6.0,0.0,109.0,0.0,18.166666666666668,3.0,1.0,0.3333333333333333
950972,4.0,0.0,117.0,0.0,29.25,816.0,264.0,0.3235294117647059
951046,3.0,0.0,42.0,0.0,14.0,33.0,11.0,0.3333333333333333
951118,4.0,0.0,130.0,0.0,32.5,0.0,0.0,0.0
951186,92.0,0.0,10520.0,0.0,114.34782608695652,6.0,6.0,1.0
951290,1.0,0.0,17.0,0.0,17.0,20.0,9.0,0.45
951332,8.0,0.0,677.0,0.0,84.625,1.0,0.0,0.0
951408,0.0,0.0,0.0,0.0,0.0,30.0,13.0,0.43333333333333335
951490,27.0,1.0,946.0,0.037037037037037035,35.03703703703704,0.0,0.0,0.0
951492,27.0,0.0,1664.0,0.0,61.629629629629626,75.0,20.0,0.26666666666666666
951506,39.0,0.0,6590.0,0.0,168.97435897435898,14.0,2.0,0.14285714285714285
951508,329.0,21.0,110653.0,0.06382978723404255,336.33130699088144,22.0,9.0,0.4090909090909091
951526,15.0,0.0,334.0,0.0,22.266666666666666,0.0,0.0,0.0
951614,5.0,0.0,128.0,0.0,25.6,0.0,0.0,0.0
951648,0.0,0.0,0.0,0.0,0.0,161.0,84.0,0.5217391304347826
951650,1.0,0.0,45.0,0.0,45.0,10.0,5.0,0.5
952114,1.0,0.0,3.0,0.0,3.0,612.0,284.0,0.46405228758169936
952116,0.0,0.0,0.0,0.0,0.0,354.0,158.0,0.4463276836158192
952126,7.0,0.0,154.0,0.0,22.0,0.0,0.0,0.0
952196,2.0,0.0,24.0,0.0,12.0,1.0,1.0,1.0
952292,2.0,0.0,162.0,0.0,81.0,0.0,0.0,0.0
952392,0.0,0.0,0.0,0.0,0.0,1484.0,961.0,0.6475741239892183
952458,0.0,0.0,0.0,0.0,0.0,1530.0,867.0,0.5666666666666667
952460,0.0,0.0,0.0,0.0,0.0,174.0,94.0,0.5402298850574713
952462,8.0,0.0,237.0,0.0,29.625,1.0,1.0,1.0
952466,0.0,0.0,0.0,0.0,0.0,79.0,46.0,0.5822784810126582
952468,0.0,0.0,0.0,0.0,0.0,1038.0,652.0,0.628131021194605
952656,4.0,0.0,30.0,0.0,7.5,25.0,10.0,0.4
952678,1.0,0.0,30.0,0.0,30.0,0.0,0.0,0.0
952734,409.0,0.0,19105.0,0.0,46.71149144254279,0.0,0.0,0.0
952914,78.0,0.0,3795.0,0.0,48.65384615384615,579.0,245.0,0.4231433506044905
952916,1.0,0.0,25.0,0.0,25.0,7.0,1.0,0.14285714285714285
952948,3540.0,8.0,938883.0,0.0022598870056497176,265.22118644067797,1145.0,400.0,0.34934497816593885
952954,2.0,0.0,2.0,0.0,1.0,0.0,0.0,0.0
952968,2.0,0.0,10.0,0.0,5.0,1.0,0.0,0.0
952982,8.0,0.0,11.0,0.0,1.375,0.0,0.0,0.0
953362,0.0,0.0,0.0,0.0,0.0,3.0,2.0,0.6666666666666666
953458,0.0,0.0,0.0,0.0,0.0,59.0,29.0,0.4915254237288136
953460,0.0,0.0,0.0,0.0,0.0,5.0,4.0,0.8
953462,0.0,0.0,0.0,0.0,0.0,633.0,411.0,0.6492890995260664
953464,52.0,1.0,2035.0,0.019230769230769232,39.13461538461539,286.0,179.0,0.6258741258741258
953940,1.0,0.0,9.0,0.0,9.0,0.0,0.0,0.0
953952,7.0,0.0,262.0,0.0,37.42857142857143,0.0,0.0,0.0
954086,31.0,0.0,1984.0,0.0,64.0,1.0,0.0,0.0
954290,9.0,0.0,294.0,0.0,32.666666666666664,0.0,0.0,0.0
954318,1.0,0.0,4.0,0.0,4.0,1.0,1.0,1.0
954376,0.0,0.0,0.0,0.0,0.0,1.0,1.0,1.0
954378,0.0,0.0,0.0,0.0,0.0,1.0,1.0,1.0
954616,7.0,0.0,61.0,0.0,8.714285714285714,0.0,0.0,0.0
954642,0.0,0.0,0.0,0.0,0.0,385.0,135.0,0.35064935064935066
954650,462.0,3.0,193324.0,0.006493506493506494,418.45021645021643,819.0,254.0,0.31013431013431014
954750,223.0,1.0,79631.0,0.004484304932735426,357.0896860986547,47.0,17.0,0.3617021276595745
954810,37.0,0.0,1414.0,0.0,38.21621621621622,0.0,0.0,0.0
955032,37.0,1.0,1532.0,0.02702702702702703,41.4054054054054,34.0,17.0,0.5
955094,0.0,0.0,0.0,0.0,0.0,1.0,0.0,0.0
955164,2.0,0.0,52.0,0.0,26.0,3.0,1.0,0.3333333333333333
955436,1.0,0.0,23.0,0.0,23.0,0.0,0.0,0.0
955820,0.0,0.0,0.0,0.0,0.0,9.0,5.0,0.5555555555555556
956080,5.0,0.0,464.0,0.0,92.8,0.0,0.0,0.0
956268,6.0,0.0,280.0,0.0,46.666666666666664,22.0,11.0,0.5
956276,7.0,0.0,158.0,0.0,22.571428571428573,9.0,6.0,0.6666666666666666
956292,2.0,0.0,26.0,0.0,13.0,2.0,0.0,0.0
956298,0.0,0.0,0.0,0.0,0.0,13.0,6.0,0.46153846153846156
956480,86.0,0.0,8027.0,0.0,93.33720930232558,0.0,0.0,0.0
956484,13.0,0.0,506.0,0.0,38.92307692307692,0.0,0.0,0.0
956664,1.0,0.0,9.0,0.0,9.0,0.0,0.0,0.0
957022,0.0,0.0,0.0,0.0,0.0,6.0,5.0,0.8333333333333334
957922,3.0,1.0,45.0,0.3333333333333333,15.0,8.0,2.0,0.25
958394,21.0,0.0,536.0,0.0,25.523809523809526,0.0,0.0,0.0
958416,13.0,1.0,501.0,0.07692307692307693,38.53846153846154,284.0,86.0,0.3028169014084507
958418,9.0,0.0,195.0,0.0,21.666666666666668,435.0,126.0,0.2896551724137931
958430,22.0,0.0,1131.0,0.0,51.40909090909091,185.0,51.0,0.2756756756756757
958432,15.0,0.0,673.0,0.0,44.86666666666667,104.0,25.0,0.2403846153846154
958434,23.0,1.0,2618.0,0.043478260869565216,113.82608695652173,58.0,21.0,0.3620689655172414
958440,0.0,0.0,0.0,0.0,0.0,1.0,0.0,0.0
958444,0.0,0.0,0.0,0.0,0.0,2.0,0.0,0.0
958452,27.0,1.0,917.0,0.037037037037037035,33.96296296296296,387.0,113.0,0.29198966408268734
958454,2.0,0.0,60.0,0.0,30.0,0.0,0.0,0.0
958456,10.0,0.0,463.0,0.0,46.3,816.0,303.0,0.3713235294117647
958460,102.0,2.0,45111.0,0.0196078431372549,442.2647058823529,54.0,16.0,0.2962962962962963
958468,7.0,0.0,316.0,0.0,45.142857142857146,497.0,130.0,0.26156941649899396
958470,3.0,0.0,152.0,0.0,50.666666666666664,13.0,6.0,0.46153846153846156
958472,0.0,0.0,0.0,0.0,0.0,26.0,13.0,0.5
958478,7.0,0.0,333.0,0.0,47.57142857142857,295.0,123.0,0.41694915254237286
958480,0.0,0.0,0.0,0.0,0.0,138.0,93.0,0.6739130434782609
958640,10.0,1.0,105.0,0.1,10.5,11.0,3.0,0.2727272727272727
958672,0.0,0.0,0.0,0.0,0.0,2.0,0.0,0.0
959118,0.0,0.0,0.0,0.0,0.0,14.0,4.0,0.2857142857142857
959312,56.0,7.0,2519.0,0.125,44.982142857142854,96.0,32.0,0.3333333333333333
959596,0.0,0.0,0.0,0.0,0.0,9.0,8.0,0.8888888888888888
960294,1.0,0.0,36.0,0.0,36.0,296.0,165.0,0.5574324324324325
960296,2.0,0.0,126.0,0.0,63.0,170.0,103.0,0.6058823529411764
960620,50.0,1.0,5555.0,0.02,111.1,58.0,24.0,0.41379310344827586
960648,33.0,0.0,3363.0,0.0,101.9090909090909,78.0,29.0,0.3717948717948718
960670,0.0,0.0,0.0,0.0,0.0,3.0,1.0,0.3333333333333333
960672,0.0,0.0,0.0,0.0,0.0,210.0,50.0,0.23809523809523808
960698,6.0,0.0,332.0,0.0,55.333333333333336,0.0,0.0,0.0
961064,23.0,0.0,796.0,0.0,34.608695652173914,904.0,372.0,0.41150442477876104
961552,3.0,0.0,312.0,0.0,104.0,3.0,0.0,0.0
961770,78.0,0.0,5316.0,0.0,68.15384615384616,0.0,0.0,0.0
962062,15.0,0.0,516.0,0.0,34.4,0.0,0.0,0.0
962168,3.0,0.0,57.0,0.0,19.0,0.0,0.0,0.0
962268,37.0,0.0,2849.0,0.0,77.0,94.0,39.0,0.4148936170212766
962658,331.0,0.0,77952.0,0.0,235.50453172205437,272.0,64.0,0.23529411764705882
962902,223.0,0.0,36958.0,0.0,165.73094170403587,360.0,76.0,0.2111111111111111
962904,0.0,0.0,0.0,0.0,0.0,2.0,2.0,1.0
963716,0.0,0.0,0.0,0.0,0.0,1.0,0.0,0.0
964510,15.0,2.0,504.0,0.13333333333333333,33.6,128.0,33.0,0.2578125
964518,2.0,0.0,84.0,0.0,42.0,0.0,0.0,0.0
964666,42.0,3.0,5354.0,0.07142857142857142,127.47619047619048,813.0,300.0,0.36900369003690037
964712,3.0,0.0,126.0,0.0,42.0,6.0,5.0,0.8333333333333334
964716,0.0,0.0,0.0,0.0,0.0,291.0,33.0,0.1134020618556701
965232,0.0,0.0,0.0,0.0,0.0,34.0,10.0,0.29411764705882354
965328,0.0,0.0,0.0,0.0,0.0,27.0,7.0,0.25925925925925924
965538,0.0,0.0,0.0,0.0,0.0,475.0,207.0,0.4357894736842105
965540,0.0,0.0,0.0,0.0,0.0,807.0,285.0,0.35315985130111527
965542,0.0,0.0,0.0,0.0,0.0,667.0,273.0,0.40929535232383807
965544,0.0,0.0,0.0,0.0,0.0,1276.0,667.0,0.5227272727272727
965942,2.0,0.0,68.0,0.0,34.0,0.0,0.0,0.0
966158,2.0,0.0,26.0,0.0,13.0,24.0,8.0,0.3333333333333333
967310,1.0,0.0,8.0,0.0,8.0,44.0,18.0,0.4090909090909091
968150,4.0,0.0,10.0,0.0,2.5,91.0,30.0,0.32967032967032966
968232,1.0,0.0,13.0,0.0,13.0,0.0,0.0,0.0
968338,13.0,0.0,267.0,0.0,20.53846153846154,213.0,67.0,0.3145539906103286
968368,2.0,0.0,38.0,0.0,19.0,0.0,0.0,0.0
968520,5.0,0.0,25.0,0.0,5.0,0.0,0.0,0.0
969268,0.0,0.0,0.0,0.0,0.0,3.0,0.0,0.0
969272,154.0,1.0,41658.0,0.006493506493506494,270.5064935064935,205.0,73.0,0.35609756097560974
969286,0.0,0.0,0.0,0.0,0.0,6.0,1.0,0.16666666666666666
969288,3.0,0.0,159.0,0.0,53.0,2.0,2.0,1.0
969294,84.0,0.0,15288.0,0.0,182.0,8.0,5.0,0.625
969380,1.0,0.0,21.0,0.0,21.0,0.0,0.0,0.0
969386,0.0,0.0,0.0,0.0,0.0,53.0,22.0,0.41509433962264153
969600,0.0,0.0,0.0,0.0,0.0,19.0,0.0,0.0
970240,1.0,0.0,44.0,0.0,44.0,1.0,1.0,1.0
970242,0.0,0.0,0.0,0.0,0.0,8.0,5.0,0.625
970244,2.0,0.0,162.0,0.0,81.0,1.0,1.0,1.0
970250,0.0,0.0,0.0,0.0,0.0,1.0,1.0,1.0
970252,1.0,0.0,25.0,0.0,25.0,5.0,3.0,0.6
970254,3.0,0.0,363.0,0.0,121.0,6.0,4.0,0.6666666666666666
970258,0.0,0.0,0.0,0.0,0.0,1.0,1.0,1.0
970484,0.0,0.0,0.0,0.0,0.0,7.0,5.0,0.7142857142857143
970486,0.0,0.0,0.0,0.0,0.0,6.0,2.0,0.3333333333333333
971100,3.0,0.0,47.0,0.0,15.666666666666666,0.0,0.0,0.0
971102,76.0,0.0,33262.0,0.0,437.6578947368421,0.0,0.0,0.0
971354,6.0,0.0,368.0,0.0,61.333333333333336,0.0,0.0,0.0
972408,0.0,0.0,0.0,0.0,0.0,6.0,2.0,0.3333333333333333
972410,0.0,0.0,0.0,0.0,0.0,77.0,37.0,0.4805194805194805
972412,1.0,0.0,25.0,0.0,25.0,60.0,25.0,0.4166666666666667
972460,1.0,0.0,4.0,0.0,4.0,47.0,26.0,0.5531914893617021
973120,0.0,0.0,0.0,0.0,0.0,3.0,2.0,0.6666666666666666
973286,2.0,0.0,176.0,0.0,88.0,0.0,0.0,0.0
