operator_id,inefficiency_score,rule1,rule2,rule3,rule4,rule5,total_incoming_calls,missed_rate_incoming_pct,avg_wait_time_incoming_sec,total_outgoing_calls,missed_rate_outgoing_pct,zero_outgoing_ratio_pct,prop_outgoing
888406,4,1,0,1,1,1,9.0,11.11111111111111,43.666666666666664,6.0,83.33333333333334,83.33333333333334,0.4
918888,4,1,0,1,1,1,8.0,12.5,9.375,3.0,100.0,100.0,0.2727272727272727
926872,3,1,0,1,1,0,24.0,12.5,1.7083333333333333,7.0,57.14285714285714,57.14285714285714,0.22580645161290322
962904,3,0,0,1,1,1,0.0,0.0,0.0,2.0,100.0,100.0,1.0
890226,3,0,0,1,1,1,3.0,0.0,27.333333333333332,3.0,100.0,100.0,0.5
883018,3,0,0,1,1,1,0.0,0.0,0.0,2.0,100.0,100.0,1.0
928382,3,1,0,1,1,0,9.0,11.11111111111111,4.333333333333333,9.0,55.55555555555556,55.55555555555556,0.5
933986,3,1,0,1,1,0,14.0,7.142857142857142,27.785714285714285,8.0,50.0,50.0,0.36363636363636365
933996,3,0,0,1,1,1,4.0,0.0,25.5,7.0,85.71428571428571,85.71428571428571,0.6363636363636364
918958,3,0,0,1,1,1,1.0,0.0,37.0,1.0,100.0,100.0,0.5
919418,3,0,0,1,1,1,0.0,0.0,0.0,2.0,100.0,100.0,1.0
932246,3,0,0,1,1,1,0.0,0.0,0.0,1.0,100.0,100.0,1.0
959596,3,0,0,1,1,1,0.0,0.0,0.0,9.0,88.88888888888889,88.88888888888889,1.0
921104,3,0,0,1,1,1,6.0,0.0,32.5,3.0,100.0,100.0,0.3333333333333333
936296,3,0,0,1,1,1,0.0,0.0,0.0,3.0,100.0,100.0,1.0
918988,3,0,0,1,1,1,1.0,0.0,13.0,1.0,100.0,100.0,0.5
954378,3,0,0,1,1,1,0.0,0.0,0.0,1.0,100.0,100.0,1.0
906076,3,0,1,0,1,1,24.0,0.0,871.75,1.0,100.0,100.0,0.04
905862,3,1,0,0,1,1,102.0,14.705882352941178,66.04901960784314,1.0,100.0,100.0,0.009708737864077669
937772,3,0,0,1,1,1,0.0,0.0,0.0,1.0,100.0,100.0,1.0
937872,3,0,0,1,1,1,0.0,0.0,0.0,1.0,100.0,100.0,1.0
937778,3,0,0,1,1,1,0.0,0.0,0.0,1.0,100.0,100.0,1.0
909308,3,0,0,1,1,1,0.0,0.0,0.0,15.0,100.0,100.0,1.0
898434,3,0,0,1,1,1,0.0,0.0,0.0,7.0,85.71428571428571,85.71428571428571,1.0
909134,3,0,1,0,1,1,196.0,0.5102040816326531,165.08673469387756,5.0,100.0,100.0,0.024875621890547265
895266,3,0,0,1,1,1,2.0,0.0,10.0,1.0,100.0,100.0,0.3333333333333333
952196,3,0,0,1,1,1,2.0,0.0,12.0,1.0,100.0,100.0,0.3333333333333333
937898,3,1,0,1,1,0,9.0,22.22222222222222,45.111111111111114,26.0,76.92307692307693,76.92307692307693,0.7428571428571429
896014,3,0,0,1,1,1,14.0,0.0,18.142857142857142,6.0,83.33333333333334,83.33333333333334,0.3
908834,3,0,1,0,1,1,23.0,0.0,197.30434782608697,1.0,100.0,100.0,0.041666666666666664
954318,3,0,0,1,1,1,1.0,0.0,4.0,1.0,100.0,100.0,0.5
954376,3,0,0,1,1,1,0.0,0.0,0.0,1.0,100.0,100.0,1.0
913868,3,0,0,1,1,1,19.0,0.0,48.0,11.0,100.0,100.0,0.36666666666666664
937770,3,0,0,1,1,1,0.0,0.0,0.0,1.0,100.0,100.0,1.0
894934,3,0,0,1,1,1,0.0,0.0,0.0,19.0,94.73684210526315,94.73684210526315,1.0
894230,3,0,0,1,1,1,0.0,0.0,0.0,1.0,100.0,100.0,1.0
894226,3,0,0,1,1,1,0.0,0.0,0.0,4.0,100.0,100.0,1.0
893700,3,0,0,1,1,1,0.0,0.0,0.0,6.0,50.0,83.33333333333334,1.0
891976,3,0,0,1,1,1,0.0,0.0,0.0,2.0,100.0,100.0,1.0
937716,3,0,0,1,1,1,0.0,0.0,0.0,1.0,100.0,100.0,1.0
937368,3,1,0,0,1,1,22.0,18.181818181818183,60.59090909090909,2.0,50.0,100.0,0.08333333333333333
937366,3,0,0,1,1,1,3.0,0.0,86.0,1.0,100.0,100.0,0.25
914272,3,0,0,1,1,1,0.0,0.0,0.0,1.0,100.0,100.0,1.0
914626,3,0,0,1,1,1,0.0,0.0,0.0,1.0,100.0,100.0,1.0
914870,3,0,0,1,1,1,5.0,0.0,22.0,3.0,100.0,100.0,0.375
957022,3,0,0,1,1,1,0.0,0.0,0.0,6.0,83.33333333333334,83.33333333333334,1.0
885682,3,0,0,1,1,1,0.0,0.0,0.0,3.0,100.0,100.0,1.0
946454,3,0,0,1,1,1,0.0,0.0,0.0,13.0,100.0,100.0,1.0
945898,3,0,0,1,1,1,0.0,0.0,0.0,3.0,100.0,100.0,1.0
946072,3,0,0,1,1,1,0.0,0.0,0.0,1.0,100.0,100.0,1.0
902238,3,0,0,1,1,1,1.0,0.0,8.0,1.0,100.0,100.0,0.5
945074,3,0,0,1,1,1,0.0,0.0,0.0,3.0,100.0,100.0,1.0
945046,3,1,1,1,0,0,58.0,6.896551724137931,136.6551724137931,27.0,40.74074074074074,40.74074074074074,0.3176470588235294
946988,3,0,0,1,1,1,3.0,0.0,17.0,5.0,100.0,100.0,0.625
970258,3,0,0,1,1,1,0.0,0.0,0.0,1.0,100.0,100.0,1.0
924572,3,0,0,1,1,1,0.0,0.0,0.0,1.0,100.0,100.0,1.0
924614,3,0,0,1,1,1,6.0,0.0,9.5,16.0,100.0,100.0,0.7272727272727273
964712,3,0,0,1,1,1,3.0,0.0,42.0,6.0,83.33333333333334,83.33333333333334,0.6666666666666666
970244,3,0,0,1,1,1,2.0,0.0,81.0,1.0,100.0,100.0,0.3333333333333333
970250,3,0,0,1,1,1,0.0,0.0,0.0,1.0,100.0,100.0,1.0
970240,3,0,0,1,1,1,1.0,0.0,44.0,1.0,100.0,100.0,0.5
969288,3,0,0,1,1,1,3.0,0.0,53.0,2.0,100.0,100.0,0.4
900192,3,0,0,1,1,1,1.0,0.0,5.0,1.0,100.0,100.0,0.5
899076,3,0,0,1,1,1,0.0,0.0,0.0,1.0,100.0,100.0,1.0
905570,3,0,0,1,1,1,0.0,0.0,0.0,3.0,100.0,100.0,1.0
941810,3,0,0,1,1,1,0.0,0.0,0.0,1.0,100.0,100.0,1.0
947480,3,0,0,1,1,1,0.0,0.0,0.0,1.0,100.0,100.0,1.0
906420,3,0,0,1,1,1,5.0,0.0,11.0,2.0,100.0,100.0,0.2857142857142857
940456,3,0,0,1,1,1,25.0,0.0,17.96,18.0,83.33333333333334,83.33333333333334,0.4186046511627907
939718,3,0,0,1,1,1,0.0,0.0,0.0,10.0,90.0,90.0,1.0
881278,2,0,0,1,1,0,0.0,0.0,0.0,12.0,75.0,75.0,1.0
922698,2,0,0,1,1,0,3.0,0.0,37.0,10.0,80.0,80.0,0.7692307692307693
884408,2,1,0,1,0,0,31.0,9.67741935483871,97.2258064516129,9.0,44.44444444444444,44.44444444444444,0.225
973120,2,0,0,1,1,0,0.0,0.0,0.0,3.0,66.66666666666666,66.66666666666666,1.0
924946,2,0,0,1,1,0,5.0,0.0,73.2,14.0,50.0,50.0,0.7368421052631579
919536,2,0,0,1,1,0,2.0,0.0,9.0,8.0,75.0,75.0,0.8
888532,2,1,0,0,1,0,11.0,18.181818181818183,33.81818181818182,2.0,50.0,50.0,0.15384615384615385
927142,2,0,0,1,1,0,4.0,0.0,3.75,3.0,66.66666666666666,66.66666666666666,0.42857142857142855
956276,2,0,0,1,1,0,7.0,0.0,22.571428571428573,9.0,66.66666666666666,66.66666666666666,0.5625
956268,2,0,0,1,1,0,6.0,0.0,46.666666666666664,22.0,50.0,50.0,0.7857142857142857
955820,2,0,0,1,1,0,0.0,0.0,0.0,9.0,55.55555555555556,55.55555555555556,1.0
919128,2,0,0,0,1,1,0.0,0.0,0.0,388.0,98.19587628865979,98.19587628865979,1.0
919214,2,0,0,0,1,1,17.0,0.0,62.05882352941177,1.0,100.0,100.0,0.05555555555555555
919218,2,1,0,0,1,0,19.0,5.263157894736842,31.210526315789473,258.0,51.162790697674424,51.162790697674424,0.9314079422382672
934188,2,0,0,1,1,0,6.0,0.0,61.333333333333336,2.0,50.0,50.0,0.25
935246,2,0,0,1,1,0,0.0,0.0,0.0,4.0,75.0,75.0,1.0
933452,2,0,0,1,1,0,0.0,0.0,0.0,4.0,75.0,75.0,1.0
930814,2,0,0,1,1,0,11.0,0.0,28.272727272727273,3.0,66.66666666666666,66.66666666666666,0.21428571428571427
930690,2,0,0,1,1,0,2.0,0.0,6.5,4.0,50.0,50.0,0.6666666666666666
958472,2,0,0,1,1,0,0.0,0.0,0.0,26.0,50.0,50.0,1.0
958640,2,1,0,1,0,0,10.0,10.0,10.5,11.0,27.27272727272727,27.27272727272727,0.5238095238095238
932676,2,0,0,1,1,0,0.0,0.0,0.0,4.0,75.0,75.0,1.0
932754,2,0,0,1,1,0,2.0,0.0,5.5,3.0,66.66666666666666,66.66666666666666,0.6
933070,2,0,1,0,1,0,67.0,1.4925373134328357,121.13432835820896,782.0,49.232736572890026,49.232736572890026,0.9210836277974087
928926,2,0,0,1,1,0,1.0,0.0,5.0,15.0,60.0,60.0,0.9375
921102,2,0,0,1,1,0,13.0,0.0,35.07692307692308,6.0,50.0,50.0,0.3157894736842105
920902,2,0,1,1,0,0,48.0,2.083333333333333,128.91666666666666,17.0,47.05882352941176,47.05882352941176,0.26153846153846155
929428,2,0,0,0,1,1,0.0,0.0,0.0,23754.0,80.4832870253431,80.4832870253431,1.0
921318,2,0,1,0,1,0,2318.0,0.2588438308886971,919.565142364107,2548.0,57.927786499215074,57.927786499215074,0.5236333744348541
914170,2,0,0,1,1,0,12.0,0.0,35.583333333333336,4.0,75.0,75.0,0.25
953460,2,0,0,1,1,0,0.0,0.0,0.0,5.0,80.0,80.0,1.0
937760,2,0,1,0,1,0,267.0,0.37453183520599254,124.55805243445693,727.0,63.68638239339752,63.68638239339752,0.7313883299798792
891970,2,0,0,1,1,0,0.0,0.0,0.0,15.0,60.0,60.0,1.0
891918,2,0,0,0,1,1,5.0,0.0,31.2,1.0,100.0,100.0,0.16666666666666666
893400,2,0,0,1,1,0,1.0,0.0,31.0,2.0,50.0,50.0,0.6666666666666666
953362,2,0,0,1,1,0,0.0,0.0,0.0,3.0,66.66666666666666,66.66666666666666,1.0
937736,2,0,1,0,1,0,259.0,0.7722007722007722,139.6100386100386,1148.0,58.36236933797909,58.36236933797909,0.8159203980099502
892798,2,0,0,0,1,1,1.0,0.0,43.0,36.0,83.33333333333334,83.33333333333334,0.972972972972973
892536,2,0,0,1,1,0,16.0,0.0,59.4375,13.0,53.84615384615385,53.84615384615385,0.4482758620689655
892534,2,0,1,1,0,0,28.0,0.0,155.71428571428572,11.0,45.45454545454545,45.45454545454545,0.28205128205128205
951508,2,1,1,0,0,0,329.0,6.382978723404255,336.33130699088144,22.0,40.909090909090914,40.909090909090914,0.06267806267806268
951506,2,0,1,1,0,0,39.0,0.0,168.97435897435898,14.0,14.285714285714285,14.285714285714285,0.2641509433962264
951186,2,0,0,0,1,1,92.0,0.0,114.34782608695652,6.0,100.0,100.0,0.061224489795918366
949420,2,0,0,0,1,1,5.0,0.0,1.2,1.0,100.0,100.0,0.16666666666666666
909892,2,0,0,1,1,0,4.0,0.0,15.0,4.0,50.0,50.0,0.5
939212,2,0,0,1,1,0,8.0,0.0,23.5,8.0,75.0,75.0,0.5
908718,2,0,0,1,1,0,0.0,0.0,0.0,2.0,50.0,50.0,1.0
938414,2,0,1,0,1,0,93.0,2.1505376344086025,377.03225806451616,45.0,60.0,60.0,0.32608695652173914
937956,2,0,0,0,1,1,758.0,3.16622691292876,25.722955145118732,1.0,100.0,100.0,0.0013175230566534915
937900,2,0,0,1,1,0,0.0,0.0,0.0,4.0,75.0,75.0,1.0
910594,2,0,0,0,1,1,0.0,0.0,0.0,28.0,82.14285714285714,82.14285714285714,1.0
937984,2,0,0,1,1,0,15.0,0.0,29.133333333333333,20.0,75.0,75.0,0.5714285714285714
896010,2,0,0,0,1,1,10.0,0.0,31.6,2.0,100.0,100.0,0.16666666666666666
895598,2,0,0,1,1,0,3.0,0.0,10.666666666666666,2.0,50.0,50.0,0.4
951650,2,0,0,1,1,0,1.0,0.0,45.0,10.0,50.0,50.0,0.9090909090909091
952462,2,0,0,0,1,1,8.0,0.0,29.625,1.0,100.0,100.0,0.1111111111111111
892530,2,0,0,1,1,0,9.0,0.0,48.44444444444444,8.0,75.0,75.0,0.47058823529411764
937782,2,0,0,1,1,0,25.0,0.0,28.8,26.0,53.84615384615385,53.84615384615385,0.5098039215686274
937786,2,0,0,1,1,0,0.0,0.0,0.0,10.0,50.0,50.0,1.0
937870,2,0,0,1,1,0,0.0,0.0,0.0,13.0,53.84615384615385,53.84615384615385,1.0
937774,2,0,1,0,1,0,138.0,0.0,168.86231884057972,137.0,52.55474452554745,52.55474452554745,0.49818181818181817
937422,2,0,0,1,1,0,0.0,0.0,0.0,6.0,66.66666666666666,66.66666666666666,1.0
957922,2,1,0,1,0,0,3.0,33.33333333333333,15.0,8.0,25.0,25.0,0.7272727272727273
917378,2,0,0,1,1,0,2.0,0.0,12.5,12.0,50.0,50.0,0.8571428571428571
917682,2,0,0,1,1,0,0.0,0.0,0.0,7.0,71.42857142857143,71.42857142857143,1.0
937752,2,0,1,0,1,0,397.0,0.0,177.23173803526447,1614.0,58.48822800495663,58.48822800495663,0.8025857782197912
906070,2,0,1,0,1,0,324.0,0.6172839506172839,2075.848765432099,71.0,54.929577464788736,56.33802816901409,0.17974683544303796
907504,2,0,0,0,1,1,5.0,0.0,28.0,1.0,100.0,100.0,0.16666666666666666
948758,2,1,1,0,0,0,18.0,5.555555555555555,133.27777777777777,494.0,28.74493927125506,28.74493927125506,0.96484375
948150,2,0,0,1,1,0,24.0,0.0,116.41666666666667,7.0,57.14285714285714,57.14285714285714,0.22580645161290322
908002,2,0,0,1,1,0,6.0,0.0,28.333333333333332,16.0,50.0,50.0,0.7272727272727273
940440,2,0,0,1,1,0,46.0,0.0,37.30434782608695,14.0,57.14285714285714,57.14285714285714,0.23333333333333334
944226,2,1,1,0,0,0,180.0,16.666666666666664,234.35,109.0,20.18348623853211,20.18348623853211,0.3771626297577855
944222,2,1,1,0,0,0,184.0,9.239130434782608,209.625,344.0,25.872093023255815,25.872093023255815,0.6515151515151515
944220,2,1,1,0,0,0,263.0,6.844106463878327,268.77566539923953,221.0,30.76923076923077,30.76923076923077,0.45661157024793386
944218,2,1,1,0,0,0,245.0,6.122448979591836,263.2,164.0,20.73170731707317,20.73170731707317,0.40097799511002447
944216,2,1,1,0,0,0,234.0,10.256410256410255,229.97008547008548,133.0,23.308270676691727,23.308270676691727,0.36239782016348776
943050,2,0,0,0,1,1,0.0,0.0,0.0,73.0,83.56164383561644,83.56164383561644,1.0
942174,2,0,0,1,1,0,0.0,0.0,0.0,6.0,50.0,50.0,1.0
941844,2,1,0,1,0,0,7.0,14.285714285714285,35.0,11.0,36.36363636363637,36.36363636363637,0.6111111111111112
941842,2,0,0,1,1,0,0.0,0.0,0.0,3.0,66.66666666666666,66.66666666666666,1.0
941740,2,0,0,1,1,0,0.0,0.0,0.0,4.0,50.0,50.0,1.0
940848,2,0,0,1,1,0,0.0,0.0,0.0,2.0,50.0,50.0,1.0
940952,2,0,1,0,1,0,141.0,0.0,246.95744680851064,110.0,76.36363636363637,76.36363636363637,0.43824701195219123
940814,2,0,0,1,1,0,0.0,0.0,0.0,2.0,50.0,50.0,1.0
940802,2,0,0,1,1,0,0.0,0.0,0.0,4.0,75.0,75.0,1.0
940568,2,0,0,1,1,0,0.0,0.0,0.0,5.0,80.0,80.0,1.0
940486,2,0,0,1,1,0,0.0,0.0,0.0,17.0,70.58823529411765,70.58823529411765,1.0
939716,2,0,0,1,1,0,8.0,0.0,24.5,8.0,50.0,50.0,0.5
944228,2,0,1,0,1,0,29.0,0.0,353.13793103448273,5.0,60.0,60.0,0.14705882352941177
944560,2,0,0,0,1,1,5.0,0.0,38.2,1.0,100.0,100.0,0.16666666666666666
944476,2,0,0,0,1,1,189.0,0.0,116.44444444444444,16.0,87.5,87.5,0.07804878048780488
944648,2,0,0,1,1,0,5.0,0.0,72.6,12.0,58.333333333333336,58.333333333333336,0.7058823529411765
945052,2,0,1,0,1,0,58.0,3.4482758620689653,130.58620689655172,12.0,75.0,75.0,0.17142857142857143
945058,2,0,0,0,1,1,4.0,0.0,46.25,1.0,100.0,100.0,0.2
901034,2,0,0,1,1,0,13.0,0.0,18.923076923076923,11.0,54.54545454545454,54.54545454545454,0.4583333333333333
901178,2,0,1,0,1,0,284.0,0.0,188.25352112676057,21.0,66.66666666666666,66.66666666666666,0.06885245901639345
970252,2,0,0,1,1,0,1.0,0.0,25.0,5.0,60.0,60.0,0.8333333333333334
969294,2,0,1,0,1,0,84.0,0.0,182.0,8.0,62.5,62.5,0.08695652173913043
970242,2,0,0,1,1,0,0.0,0.0,0.0,8.0,62.5,62.5,1.0
970254,2,0,0,1,1,0,3.0,0.0,121.0,6.0,66.66666666666666,66.66666666666666,0.6666666666666666
970484,2,0,0,1,1,0,0.0,0.0,0.0,7.0,71.42857142857143,71.42857142857143,1.0
964666,2,1,1,0,0,0,42.0,7.142857142857142,127.47619047619048,813.0,36.90036900369004,36.90036900369004,0.9508771929824561
887280,2,0,0,1,1,0,0.0,0.0,0.0,8.0,75.0,75.0,1.0
972460,1,0,0,0,1,0,1.0,0.0,4.0,47.0,55.319148936170215,55.319148936170215,0.9791666666666666
880022,1,0,0,0,1,0,8.0,0.0,14.0,174.0,51.724137931034484,51.724137931034484,0.9560439560439561
971102,1,0,1,0,0,0,76.0,0.0,437.6578947368421,0.0,0.0,0.0,0.0
969268,1,0,0,1,0,0,0.0,0.0,0.0,3.0,0.0,0.0,1.0
966158,1,0,0,1,0,0,2.0,0.0,13.0,24.0,33.33333333333333,33.33333333333333,0.9230769230769231
965544,1,0,0,0,1,0,0.0,0.0,0.0,1276.0,52.27272727272727,52.27272727272727,1.0
965328,1,0,0,1,0,0,0.0,0.0,0.0,27.0,25.925925925925924,25.925925925925924,1.0
887278,1,0,0,0,1,0,52.0,0.0,51.01923076923077,31.0,54.83870967741935,54.83870967741935,0.37349397590361444
887276,1,0,1,0,0,0,431.0,0.6960556844547563,221.63805104408354,614.0,33.876221498371336,33.876221498371336,0.5875598086124402
885890,1,0,1,0,0,0,1244.0,2.090032154340836,188.86736334405145,58977.0,40.322498601149604,40.322498601149604,0.9793427541887382
885876,1,0,1,0,0,0,992.0,2.0161290322580645,192.5514112903226,58434.0,39.886025259266866,39.886025259266866,0.9833069700131256
884478,1,0,0,0,1,0,22.0,0.0,29.863636363636363,2266.0,50.794351279788174,50.794351279788174,0.9903846153846154
964510,1,1,0,0,0,0,15.0,13.333333333333334,33.6,128.0,25.78125,25.78125,0.8951048951048951
970486,1,0,0,1,0,0,0.0,0.0,0.0,6.0,33.33333333333333,33.33333333333333,1.0
969600,1,0,0,1,0,0,0.0,0.0,0.0,19.0,0.0,0.0,1.0
922710,1,0,0,0,1,0,0.0,0.0,0.0,1590.0,51.0062893081761,51.0062893081761,1.0
923254,1,0,0,1,0,0,1.0,0.0,45.0,9.0,0.0,0.0,0.9
923526,1,0,1,0,0,0,900.0,0.2222222222222222,223.48777777777778,1832.0,26.473799126637555,26.473799126637555,0.6705710102489019
924370,1,0,0,1,0,0,0.0,0.0,0.0,3.0,0.0,0.0,1.0
925104,1,0,1,0,0,0,873.0,0.0,144.87285223367698,1182.0,32.910321489001696,32.910321489001696,0.5751824817518248
925922,1,0,1,0,0,0,418.0,2.3923444976076556,181.0071770334928,19603.0,47.1764525837882,47.1764525837882,0.9791219219819189
926312,1,0,0,0,1,0,10.0,0.0,15.7,129.0,58.91472868217055,58.91472868217055,0.9280575539568345
960294,1,0,0,0,1,0,1.0,0.0,36.0,296.0,55.74324324324324,55.74324324324324,0.9966329966329966
960296,1,0,0,0,1,0,2.0,0.0,63.0,170.0,60.588235294117645,60.588235294117645,0.9883720930232558
960670,1,0,0,1,0,0,0.0,0.0,0.0,3.0,33.33333333333333,33.33333333333333,1.0
888534,1,0,0,0,1,0,57.0,1.7543859649122806,74.0701754385965,225.0,65.77777777777779,65.77777777777779,0.7978723404255319
888536,1,0,0,1,0,0,2.0,0.0,21.5,1.0,0.0,0.0,0.3333333333333333
888538,1,0,0,1,0,0,1.0,0.0,24.0,2.0,0.0,0.0,0.6666666666666666
888540,1,0,0,1,0,0,3.0,0.0,19.666666666666668,1.0,0.0,0.0,0.25
890228,1,1,0,0,0,0,6.0,16.666666666666664,17.333333333333332,83.0,36.144578313253014,36.144578313253014,0.9325842696629213
961552,1,0,0,1,0,0,3.0,0.0,104.0,3.0,0.0,0.0,0.5
902774,1,0,0,0,1,0,0.0,0.0,0.0,1099.0,53.59417652411283,53.59417652411283,1.0
902776,1,0,0,0,1,0,0.0,0.0,0.0,1564.0,65.72890025575447,65.72890025575447,1.0
902778,1,0,0,0,1,0,0.0,0.0,0.0,1286.0,69.36236391912908,69.36236391912908,1.0
902782,1,0,0,0,1,0,0.0,0.0,0.0,1291.0,55.38342370255616,55.38342370255616,1.0
903974,1,0,1,0,0,0,10.0,0.0,135.9,0.0,0.0,0.0,0.0
944646,1,0,1,0,0,0,219.0,0.45662100456621,147.86301369863014,329.0,24.620060790273556,24.620060790273556,0.6003649635036497
944764,1,0,1,0,0,0,355.0,0.5633802816901409,255.21408450704226,256.0,33.984375,33.984375,0.41898527004909986
944766,1,0,1,0,0,0,152.0,0.6578947368421052,179.28947368421052,140.0,28.57142857142857,28.57142857142857,0.4794520547945205
900742,1,0,0,1,0,0,22.0,0.0,36.81818181818182,11.0,18.181818181818183,18.181818181818183,0.3333333333333333
900746,1,1,0,0,0,0,26.0,7.6923076923076925,96.53846153846153,45.0,22.22222222222222,22.22222222222222,0.6338028169014085
900792,1,0,0,1,0,0,1.0,0.0,34.0,5.0,20.0,20.0,0.8333333333333334
901038,1,0,0,1,0,0,5.0,0.0,28.2,23.0,17.391304347826086,17.391304347826086,0.8214285714285714
946582,1,0,0,1,0,0,44.0,0.0,25.045454545454547,27.0,37.03703703703704,37.03703703703704,0.38028169014084506
947304,1,1,0,0,0,0,35.0,8.571428571428571,13.942857142857143,618.0,33.49514563106796,33.49514563106796,0.9464012251148545
947592,1,0,0,0,1,0,0.0,0.0,0.0,800.0,50.625,50.625,1.0
947596,1,0,0,1,0,0,0.0,0.0,0.0,1.0,0.0,0.0,1.0
947636,1,0,0,0,1,0,0.0,0.0,0.0,100.0,60.0,60.0,1.0
947638,1,0,0,0,1,0,0.0,0.0,0.0,1154.0,58.31889081455805,58.31889081455805,1.0
947640,1,0,0,0,1,0,0.0,0.0,0.0,406.0,55.41871921182266,55.41871921182266,1.0
947642,1,0,0,0,1,0,0.0,0.0,0.0,891.0,74.63524130190797,74.63524130190797,1.0
947646,1,0,0,0,1,0,0.0,0.0,0.0,1887.0,54.90196078431373,54.90196078431373,1.0
947648,1,0,0,0,1,0,0.0,0.0,0.0,2804.0,62.48216833095578,62.48216833095578,1.0
947650,1,0,0,0,1,0,0.0,0.0,0.0,1593.0,58.44318895166353,58.44318895166353,1.0
904044,1,0,0,0,1,0,108.0,0.9259259259259258,63.72222222222222,23.0,65.21739130434783,65.21739130434783,0.17557251908396945
904200,1,0,0,1,0,0,5.0,0.0,27.8,10.0,40.0,40.0,0.6666666666666666
904344,1,1,0,0,0,0,4.0,75.0,32.75,0.0,0.0,0.0,0.0
905300,1,1,0,0,0,0,25.0,24.0,48.04,0.0,0.0,0.0,0.0
943066,1,0,1,0,0,0,89.0,0.0,152.07865168539325,171.0,28.07017543859649,28.07017543859649,0.6576923076923077
943818,1,0,0,1,0,0,1.0,0.0,5.0,20.0,25.0,25.0,0.9523809523809523
944210,1,0,1,0,0,0,114.0,0.0,382.5877192982456,46.0,26.08695652173913,26.08695652173913,0.2875
944474,1,0,0,1,0,0,6.0,0.0,75.0,12.0,41.66666666666667,41.66666666666667,0.6666666666666666
902748,1,0,0,0,1,0,0.0,0.0,0.0,2534.0,61.40489344909235,61.40489344909235,1.0
905840,1,0,0,1,0,0,0.0,0.0,0.0,7.0,42.857142857142854,42.857142857142854,1.0
905842,1,0,0,0,1,0,2.0,0.0,115.5,1031.0,59.94180407371484,59.94180407371484,0.9980638915779284
905934,1,0,0,1,0,0,1.0,0.0,9.0,16.0,12.5,12.5,0.9411764705882353
940782,1,0,0,1,0,0,0.0,0.0,0.0,2.0,0.0,0.0,1.0
940828,1,0,0,1,0,0,0.0,0.0,0.0,6.0,33.33333333333333,33.33333333333333,1.0
941192,1,0,0,0,1,0,0.0,0.0,0.0,1139.0,60.84284460052678,60.84284460052678,1.0
941838,1,0,0,1,0,0,0.0,0.0,0.0,9.0,22.22222222222222,22.22222222222222,1.0
904016,1,0,0,0,1,0,50.0,4.0,50.56,4676.0,50.29940119760479,50.29940119760479,0.9894202285230639
947614,1,0,0,0,1,0,0.0,0.0,0.0,981.0,58.51172273190621,58.51172273190621,1.0
947616,1,0,0,0,1,0,0.0,0.0,0.0,1955.0,59.590792838874684,59.590792838874684,1.0
899932,1,0,0,0,1,0,0.0,0.0,0.0,706.0,49.15014164305949,49.15014164305949,1.0
899972,1,0,0,0,1,0,0.0,0.0,0.0,188.0,53.72340425531915,53.72340425531915,1.0
900458,1,0,0,0,1,0,1.0,0.0,9.0,28.0,71.42857142857143,71.42857142857143,0.9655172413793104
900492,1,1,0,0,0,0,17.0,5.88235294117647,17.0,234.0,48.29059829059829,48.29059829059829,0.9322709163346613
947618,1,0,0,0,1,0,0.0,0.0,0.0,1059.0,58.35694050991501,58.35694050991501,1.0
947620,1,0,0,0,1,0,0.0,0.0,0.0,1147.0,68.87532693984308,68.87532693984308,1.0
948170,1,0,0,1,0,0,2.0,0.0,15.0,3.0,0.0,0.0,0.6
948286,1,0,1,0,0,0,312.0,4.807692307692308,284.38461538461536,0.0,0.0,0.0,0.0
948756,1,1,0,0,0,0,1.0,100.0,8.0,153.0,24.18300653594771,24.18300653594771,0.9935064935064936
906410,1,0,1,0,0,0,232.0,3.0172413793103448,270.8146551724138,16.0,18.75,18.75,0.06451612903225806
906412,1,1,0,0,0,0,26.0,26.923076923076923,40.57692307692308,60.0,26.666666666666668,26.666666666666668,0.6976744186046512
906416,1,0,0,1,0,0,5.0,0.0,16.6,14.0,28.57142857142857,28.57142857142857,0.7368421052631579
940588,1,0,1,0,0,0,2108.0,1.4231499051233396,285.22722960151805,64.0,46.875,46.875,0.029465930018416207
940610,1,0,0,1,0,0,0.0,0.0,0.0,1.0,0.0,0.0,1.0
940616,1,0,1,0,0,0,572.0,0.8741258741258742,187.48076923076923,2360.0,42.16101694915254,42.16101694915254,0.8049113233287858
940622,1,0,1,0,0,0,674.0,2.3738872403560833,256.56379821958456,709.0,38.787023977433,38.787023977433,0.5126536514822849
940624,1,0,1,0,0,0,551.0,0.5444646098003629,176.69147005444646,1163.0,38.86500429922614,38.86500429922614,0.6785297549591599
940630,1,0,1,0,0,0,1959.0,0.7656967840735069,349.24247064828995,119.0,45.378151260504204,45.378151260504204,0.05726660250240616
940634,1,0,1,0,0,0,427.0,1.1709601873536302,306.62295081967216,1617.0,40.44526901669759,40.44526901669759,0.791095890410959
940652,1,0,1,0,0,0,411.0,1.9464720194647203,142.57177615571777,854.0,41.68618266978923,41.68618266978923,0.675098814229249
940658,1,0,1,0,0,0,842.0,1.187648456057007,218.86342042755345,1716.0,48.25174825174825,48.25174825174825,0.6708365910867865
905574,1,0,0,0,1,0,4.0,0.0,15.0,83.0,49.39759036144578,49.39759036144578,0.9540229885057471
906398,1,0,0,0,1,0,64.0,0.0,78.96875,7.0,71.42857142857143,71.42857142857143,0.09859154929577464
906400,1,0,1,0,0,0,129.0,2.3255813953488373,126.7751937984496,182.0,10.43956043956044,10.43956043956044,0.5852090032154341
906402,1,0,0,1,0,0,7.0,0.0,59.142857142857146,8.0,25.0,25.0,0.5333333333333333
906404,1,0,1,0,0,0,501.0,1.1976047904191618,411.5948103792415,512.0,19.921875,19.921875,0.5054294175715696
906406,1,0,1,0,0,0,712.0,0.42134831460674155,508.98455056179773,838.0,26.13365155131265,26.13365155131265,0.5406451612903226
906408,1,0,1,0,0,0,241.0,1.6597510373443984,406.0746887966805,13.0,46.15384615384615,46.15384615384615,0.051181102362204724
947652,1,0,0,0,1,0,0.0,0.0,0.0,506.0,53.75494071146245,53.75494071146245,1.0
947654,1,0,0,0,1,0,0.0,0.0,0.0,2248.0,68.59430604982207,68.59430604982207,1.0
947658,1,0,0,0,1,0,0.0,0.0,0.0,2648.0,63.44410876132931,63.44410876132931,1.0
947816,1,0,0,1,0,0,11.0,0.0,35.09090909090909,27.0,37.03703703703704,37.03703703703704,0.7105263157894737
947820,1,0,0,1,0,0,0.0,0.0,0.0,9.0,11.11111111111111,11.11111111111111,1.0
898902,1,0,0,1,0,0,0.0,0.0,0.0,22.0,45.45454545454545,45.45454545454545,1.0
899082,1,0,1,0,0,0,655.0,0.15267175572519084,250.79541984732825,1510.0,31.65562913907285,31.65562913907285,0.6974595842956121
899268,1,1,0,0,0,0,31.0,6.451612903225806,33.16129032258065,0.0,0.0,0.0,0.0
899788,1,0,0,0,1,0,0.0,0.0,0.0,600.0,54.0,54.0,1.0
899790,1,0,0,0,1,0,0.0,0.0,0.0,716.0,55.02793296089386,55.02793296089386,1.0
939706,1,0,1,0,0,0,519.0,0.7707129094412332,284.5568400770713,1016.0,27.460629921259844,27.460629921259844,0.6618892508143323
939708,1,1,0,0,0,0,10.0,10.0,23.9,36.0,27.77777777777778,27.77777777777778,0.782608695652174
907972,1,0,0,1,0,0,5.0,0.0,13.4,7.0,42.857142857142854,42.857142857142854,0.5833333333333334
907998,1,0,0,1,0,0,0.0,0.0,0.0,2.0,0.0,0.0,1.0
908082,1,0,0,1,0,0,26.0,0.0,19.615384615384617,19.0,10.526315789473683,10.526315789473683,0.4222222222222222
939736,1,0,0,1,0,0,0.0,0.0,0.0,6.0,33.33333333333333,33.33333333333333,1.0
939762,1,0,1,0,0,0,804.0,0.0,404.2723880597015,1858.0,41.38858988159311,41.38858988159311,0.6979714500375658
940430,1,0,0,1,0,0,63.0,1.5873015873015872,3.5555555555555554,27.0,48.148148148148145,48.148148148148145,0.3
940436,1,0,0,0,1,0,30.0,0.0,53.93333333333333,6.0,50.0,50.0,0.16666666666666666
940474,1,0,0,1,0,0,0.0,0.0,0.0,13.0,46.15384615384615,46.15384615384615,1.0
906680,1,0,1,0,0,0,188.0,0.5319148936170213,219.27659574468086,133.0,30.82706766917293,30.82706766917293,0.4143302180685358
907178,1,0,0,0,1,0,3.0,0.0,39.333333333333336,123.0,51.21951219512195,51.21951219512195,0.9761904761904762
907442,1,0,0,0,1,0,0.0,0.0,0.0,44.0,56.81818181818182,56.81818181818182,1.0
907964,1,0,0,1,0,0,17.0,0.0,37.05882352941177,8.0,12.5,12.5,0.32
906392,1,1,0,0,0,0,18.0,38.88888888888889,52.833333333333336,3.0,33.33333333333333,33.33333333333333,0.14285714285714285
906396,1,0,1,0,0,0,123.0,2.4390243902439024,196.609756097561,99.0,15.151515151515152,15.151515151515152,0.44594594594594594
939370,1,0,1,0,0,0,482.0,0.8298755186721992,363.5663900414938,491.0,28.5132382892057,28.5132382892057,0.5046248715313464
939376,1,0,1,0,0,0,261.0,0.38314176245210724,165.77394636015325,1075.0,36.0,36.0,0.8046407185628742
939474,1,0,1,0,0,0,187.0,0.0,247.83957219251337,561.0,33.155080213903744,33.155080213903744,0.75
939478,1,1,0,0,0,0,19.0,5.263157894736842,56.421052631578945,102.0,48.03921568627451,48.03921568627451,0.8429752066115702
896386,1,0,0,0,1,0,0.0,0.0,0.0,76.0,52.63157894736842,52.63157894736842,1.0
896430,1,0,0,1,0,0,1.0,0.0,13.0,14.0,35.714285714285715,35.714285714285715,0.9333333333333333
896538,1,1,0,0,0,0,14.0,7.142857142857142,66.92857142857143,0.0,0.0,0.0,0.0
897030,1,0,0,0,1,0,6.0,0.0,17.333333333333332,73.0,53.42465753424658,53.42465753424658,0.9240506329113924
897872,1,1,0,0,0,0,3.0,33.33333333333333,21.666666666666668,45.0,22.22222222222222,22.22222222222222,0.9375
897894,1,0,0,1,0,0,0.0,0.0,0.0,19.0,0.0,0.0,1.0
898414,1,0,1,0,0,0,24.0,4.166666666666666,135.58333333333334,59.0,40.67796610169492,40.67796610169492,0.7108433734939759
898422,1,0,0,1,0,0,64.0,1.5625,80.078125,23.0,47.82608695652174,47.82608695652174,0.26436781609195403
950806,1,0,0,1,0,0,6.0,0.0,18.166666666666668,3.0,33.33333333333333,33.33333333333333,0.3333333333333333
951290,1,0,0,1,0,0,1.0,0.0,17.0,20.0,45.0,45.0,0.9523809523809523
951648,1,0,0,0,1,0,0.0,0.0,0.0,161.0,52.17391304347826,52.17391304347826,1.0
939698,1,0,0,1,0,0,2.0,0.0,13.0,1.0,0.0,0.0,0.3333333333333333
937874,1,1,0,0,0,0,18.0,5.555555555555555,45.388888888888886,131.0,25.954198473282442,25.954198473282442,0.8791946308724832
937888,1,0,0,0,1,0,185.0,0.0,64.87567567567568,972.0,51.64609053497943,51.64609053497943,0.8401037165082109
937902,1,0,1,0,0,0,239.0,0.41841004184100417,134.17573221757323,899.0,47.052280311457174,47.052280311457174,0.7899824253075571
910226,1,1,0,0,0,0,8.0,25.0,16.5,0.0,0.0,0.0,0.0
910902,1,0,0,1,0,0,0.0,0.0,0.0,15.0,0.0,0.0,1.0
910926,1,0,0,1,0,0,0.0,0.0,0.0,25.0,0.0,0.0,1.0
937966,1,0,0,0,1,0,229.0,0.8733624454148471,85.77292576419214,818.0,62.224938875305625,62.224938875305625,0.7812798471824259
937980,1,0,0,0,1,0,76.0,0.0,62.973684210526315,129.0,49.6124031007752,49.6124031007752,0.6292682926829268
938896,1,0,1,0,0,0,1058.0,0.4725897920604915,233.01134215500946,2266.0,26.037069726390115,26.037069726390115,0.6817087845968712
908640,1,0,0,0,1,0,0.0,0.0,0.0,14234.0,57.341576506955185,57.341576506955185,1.0
908958,1,0,1,0,0,0,934.0,0.21413276231263384,434.8672376873662,98.0,44.89795918367347,44.89795918367347,0.09496124031007752
908960,1,0,1,0,0,0,663.0,2.1116138763197587,241.0,112.0,28.57142857142857,28.57142857142857,0.14451612903225808
908984,1,0,0,1,0,0,0.0,0.0,0.0,8.0,37.5,37.5,1.0
909452,1,0,0,1,0,0,0.0,0.0,0.0,8.0,0.0,0.0,1.0
939224,1,0,0,0,1,0,32.0,3.125,43.75,1341.0,52.64727815063386,52.64727815063386,0.976693372177713
939236,1,0,0,1,0,0,0.0,0.0,0.0,5.0,0.0,0.0,1.0
911102,1,1,0,0,0,0,27.0,11.11111111111111,68.14814814814815,0.0,0.0,0.0,0.0
911136,1,0,1,0,0,0,211.0,0.47393364928909953,126.85781990521328,0.0,0.0,0.0,0.0
911138,1,0,1,0,0,0,289.0,1.0380622837370241,131.93771626297578,0.0,0.0,0.0,0.0
911142,1,1,0,0,0,0,20.0,10.0,93.65,0.0,0.0,0.0,0.0
911310,1,0,1,0,0,0,401.0,0.7481296758104738,381.6758104738155,91.0,36.26373626373626,36.26373626373626,0.18495934959349594
913474,1,0,0,1,0,0,2.0,0.0,74.0,8.0,37.5,37.5,0.8
937860,1,0,0,0,1,0,212.0,2.358490566037736,75.52830188679245,1424.0,52.80898876404494,52.80898876404494,0.8704156479217604
895370,1,0,0,1,0,0,0.0,0.0,0.0,10.0,30.0,30.0,1.0
895776,1,1,0,0,0,0,12.0,8.333333333333332,19.833333333333332,238.0,42.857142857142854,42.857142857142854,0.952
896018,1,0,0,1,0,0,8.0,0.0,27.125,3.0,33.33333333333333,33.33333333333333,0.2727272727272727
952392,1,0,0,0,1,0,0.0,0.0,0.0,1484.0,64.75741239892183,64.75741239892183,1.0
952458,1,0,0,0,1,0,0.0,0.0,0.0,1530.0,56.666666666666664,56.666666666666664,1.0
952460,1,0,0,0,1,0,0.0,0.0,0.0,174.0,54.02298850574713,54.02298850574713,1.0
952466,1,0,0,0,1,0,0.0,0.0,0.0,79.0,58.22784810126582,58.22784810126582,1.0
952468,1,0,0,0,1,0,0.0,0.0,0.0,1038.0,62.813102119460495,62.813102119460495,1.0
952656,1,0,0,1,0,0,4.0,0.0,7.5,25.0,40.0,40.0,0.8620689655172413
913942,1,0,1,0,0,0,2467.0,2.107823267126064,705.219700040535,429.0,36.13053613053613,36.36363636363637,0.1481353591160221
913984,1,0,0,1,0,0,1.0,0.0,17.0,1.0,0.0,0.0,0.5
914036,1,0,0,1,0,0,0.0,0.0,0.0,17.0,41.17647058823529,41.17647058823529,1.0
914050,1,0,0,0,1,0,12.0,0.0,10.75,384.0,51.822916666666664,51.822916666666664,0.9696969696969697
914052,1,0,0,0,1,0,0.0,0.0,0.0,1368.0,68.05555555555556,68.05555555555556,1.0
914168,1,0,0,1,0,0,1.0,0.0,11.0,10.0,20.0,20.0,0.9090909090909091
914266,1,0,0,1,0,0,0.0,0.0,0.0,3.0,0.0,0.0,1.0
893402,1,0,1,0,0,0,330.0,0.9090909090909091,282.44545454545454,51.0,41.17647058823529,41.17647058823529,0.13385826771653545
893420,1,0,1,0,0,0,203.0,0.49261083743842365,257.97536945812806,28.0,39.285714285714285,39.285714285714285,0.12121212121212122
893804,1,0,1,0,0,0,2427.0,0.4120313143798929,158.50927070457354,3378.0,37.83303730017762,37.83303730017762,0.5819121447028424
894120,1,1,0,0,0,0,18.0,5.555555555555555,51.44444444444444,0.0,0.0,0.0,0.0
894614,1,1,0,0,0,0,8.0,12.5,19.375,0.0,0.0,0.0,0.0
891908,1,0,0,0,1,0,38.0,0.0,19.289473684210527,8.0,75.0,75.0,0.17391304347826086
891946,1,0,0,0,1,0,16.0,0.0,28.3125,29.0,58.620689655172406,58.620689655172406,0.6444444444444445
937788,1,0,0,0,1,0,121.0,0.0,75.93388429752066,472.0,54.8728813559322,54.8728813559322,0.7959527824620574
937810,1,0,0,0,1,0,74.0,0.0,29.35135135135135,269.0,54.646840148698885,54.646840148698885,0.7842565597667639
937650,1,0,0,0,1,0,0.0,0.0,0.0,91.0,51.64835164835166,51.64835164835166,1.0
937678,1,0,0,0,1,0,15.0,0.0,20.933333333333334,155.0,65.80645161290323,65.80645161290323,0.9117647058823529
937732,1,0,0,0,1,0,107.0,1.8691588785046727,88.99065420560747,191.0,62.82722513089005,62.82722513089005,0.6409395973154363
892800,1,0,0,1,0,0,0.0,0.0,0.0,8.0,37.5,37.5,1.0
952916,1,0,0,1,0,0,1.0,0.0,25.0,7.0,14.285714285714285,14.285714285714285,0.875
952948,1,0,1,0,0,0,3540.0,0.22598870056497175,265.22118644067797,1145.0,34.93449781659388,34.93449781659388,0.24439701173959444
952968,1,0,0,1,0,0,2.0,0.0,5.0,1.0,0.0,0.0,0.3333333333333333
953458,1,0,0,0,1,0,0.0,0.0,0.0,59.0,49.152542372881356,49.152542372881356,1.0
953462,1,0,0,0,1,0,0.0,0.0,0.0,633.0,64.92890995260665,64.92890995260665,1.0
953464,1,0,0,0,1,0,52.0,1.9230769230769231,39.13461538461539,286.0,62.58741258741259,62.58741258741259,0.8461538461538461
891192,1,0,0,1,0,0,0.0,0.0,0.0,1.0,0.0,0.0,1.0
891250,1,0,0,1,0,0,0.0,0.0,0.0,2.0,0.0,0.0,1.0
937750,1,0,0,0,1,0,56.0,1.7857142857142856,67.42857142857143,46.0,58.69565217391305,58.69565217391305,0.45098039215686275
913788,1,0,1,0,0,0,793.0,0.25220680958385877,252.4249684741488,963.0,33.74870197300104,33.74870197300104,0.5484054669703873
913886,1,1,0,0,0,0,2.0,50.0,13.5,0.0,0.0,0.0,0.0
913938,1,0,1,0,0,0,4766.0,0.2937473772555602,850.32186319765,406.0,26.84729064039409,26.84729064039409,0.07849961330239752
917252,1,0,0,1,0,0,6.0,0.0,102.5,9.0,33.33333333333333,33.33333333333333,0.6
917446,1,0,0,1,0,0,0.0,0.0,0.0,15.0,40.0,40.0,1.0
917680,1,0,0,0,1,0,2.0,0.0,100.0,43.0,69.76744186046511,69.76744186046511,0.9555555555555556
917846,1,0,0,1,0,0,3.0,0.0,14.0,27.0,14.814814814814813,14.814814814814813,0.9
917852,1,0,1,0,0,0,375.0,0.26666666666666666,200.98133333333334,1008.0,22.817460317460316,22.817460317460316,0.7288503253796096
914348,1,0,0,1,0,0,0.0,0.0,0.0,6.0,16.666666666666664,16.666666666666664,1.0
914426,1,0,0,1,0,0,3.0,0.0,23.0,4.0,25.0,25.0,0.5714285714285714
914630,1,0,0,0,1,0,19.0,0.0,30.894736842105264,136.0,50.0,50.0,0.8774193548387097
914636,1,0,0,1,0,0,2.0,0.0,20.0,13.0,46.15384615384615,46.15384615384615,0.8666666666666667
914816,1,0,0,1,0,0,0.0,0.0,0.0,4.0,25.0,25.0,1.0
914848,1,0,0,1,0,0,2.0,0.0,18.5,15.0,40.0,40.0,0.8823529411764706
915358,1,0,0,1,0,0,0.0,0.0,0.0,11.0,36.36363636363637,36.36363636363637,1.0
915504,1,0,0,0,1,0,0.0,0.0,0.0,33.0,66.66666666666666,66.66666666666666,1.0
915556,1,0,0,0,1,0,185.0,1.6216216216216217,28.4,2104.0,58.9828897338403,58.9828897338403,0.9191786806465706
937372,1,0,0,0,1,0,0.0,0.0,0.0,1168.0,54.53767123287672,54.53767123287672,1.0
937432,1,1,0,0,0,0,3.0,33.33333333333333,12.0,0.0,0.0,0.0,0.0
935956,1,0,0,1,0,0,2.0,0.0,52.5,1.0,0.0,0.0,0.3333333333333333
937352,1,0,0,1,0,0,0.0,0.0,0.0,27.0,40.74074074074074,40.74074074074074,1.0
937362,1,0,1,0,0,0,5.0,0.0,130.6,1.0,0.0,0.0,0.16666666666666666
891410,1,0,1,0,0,0,660.0,0.30303030303030304,175.53484848484848,2660.0,33.64661654135339,33.64661654135339,0.8012048192771084
891414,1,0,1,0,0,0,503.0,0.19880715705765406,136.8051689860835,2379.0,33.29129886506936,33.29129886506936,0.8254684247050659
891744,1,0,0,1,0,0,5.0,0.0,26.0,6.0,33.33333333333333,33.33333333333333,0.5454545454545454
954650,1,0,1,0,0,0,462.0,0.6493506493506493,418.45021645021643,819.0,31.013431013431013,31.013431013431013,0.639344262295082
954750,1,0,1,0,0,0,223.0,0.4484304932735426,357.0896860986547,47.0,36.17021276595745,36.17021276595745,0.17407407407407408
955032,1,0,0,0,1,0,37.0,2.7027027027027026,41.4054054054054,34.0,50.0,50.0,0.4788732394366197
955094,1,0,0,1,0,0,0.0,0.0,0.0,1.0,0.0,0.0,1.0
955164,1,0,0,1,0,0,2.0,0.0,26.0,3.0,33.33333333333333,33.33333333333333,0.6
956292,1,0,0,1,0,0,2.0,0.0,13.0,2.0,0.0,0.0,0.5
956298,1,0,0,1,0,0,0.0,0.0,0.0,13.0,46.15384615384615,46.15384615384615,1.0
915614,1,0,0,0,1,0,2.0,0.0,56.0,62.0,54.83870967741935,54.83870967741935,0.96875
915958,1,0,0,1,0,0,11.0,0.0,48.45454545454545,17.0,17.647058823529413,17.647058823529413,0.6071428571428571
916424,1,0,1,0,0,0,404.0,0.7425742574257426,159.04950495049505,96.0,37.5,37.5,0.192
933806,1,0,0,0,1,0,0.0,0.0,0.0,333.0,49.549549549549546,49.549549549549546,1.0
919166,1,0,1,0,0,0,993.0,0.6042296072507553,715.5327291037261,20.0,10.0,10.0,0.019743336623889437
919190,1,0,0,0,1,0,2.0,0.0,11.0,83.0,72.28915662650603,72.28915662650603,0.9764705882352941
919204,1,0,1,0,0,0,1165.0,0.7725321888412017,1015.2918454935623,9.0,44.44444444444444,44.44444444444444,0.007666098807495741
919206,1,0,1,0,0,0,925.0,0.9729729729729729,687.7275675675676,1.0,0.0,0.0,0.0010799136069114472
934076,1,1,0,0,0,0,11.0,9.090909090909092,69.27272727272727,0.0,0.0,0.0,0.0
934098,1,1,0,0,0,0,4.0,25.0,38.5,0.0,0.0,0.0,0.0
934426,1,0,0,0,1,0,0.0,0.0,0.0,222.0,49.549549549549546,49.549549549549546,1.0
935216,1,0,0,1,0,0,2.0,0.0,5.0,27.0,22.22222222222222,22.22222222222222,0.9310344827586207
935244,1,0,0,1,0,0,2.0,0.0,38.0,27.0,44.44444444444444,44.44444444444444,0.9310344827586207
917890,1,0,0,1,0,0,0.0,0.0,0.0,1.0,0.0,0.0,1.0
918956,1,0,0,1,0,0,2.0,0.0,34.5,17.0,41.17647058823529,41.17647058823529,0.8947368421052632
918978,1,0,1,0,0,0,744.0,0.5376344086021506,230.2298387096774,1237.0,27.970897332255458,27.970897332255458,0.624432104997476
918986,1,0,1,0,0,0,566.0,0.0,198.35159010600708,1394.0,30.55954088952654,30.55954088952654,0.7112244897959183
919164,1,0,1,0,0,0,646.0,0.46439628482972134,498.8111455108359,10.0,40.0,40.0,0.01524390243902439
935548,1,0,0,0,1,0,19.0,0.0,20.36842105263158,2.0,50.0,50.0,0.09523809523809523
958672,1,0,0,1,0,0,0.0,0.0,0.0,2.0,0.0,0.0,1.0
959118,1,0,0,1,0,0,0.0,0.0,0.0,14.0,28.57142857142857,28.57142857142857,1.0
959312,1,1,0,0,0,0,56.0,12.5,44.982142857142854,96.0,33.33333333333333,33.33333333333333,0.631578947368421
932500,1,0,0,0,1,0,8.0,0.0,28.0,1167.0,50.72836332476436,50.72836332476436,0.9931914893617021
919318,1,0,0,0,1,0,0.0,0.0,0.0,1813.0,53.06122448979592,53.06122448979592,1.0
919364,1,0,0,0,1,0,0.0,0.0,0.0,4820.0,55.767634854771785,55.767634854771785,1.0
919372,1,0,0,0,1,0,0.0,0.0,0.0,1563.0,52.335252719129876,52.335252719129876,1.0
919374,1,0,0,0,1,0,0.0,0.0,0.0,2021.0,51.31123206333498,51.31123206333498,1.0
919378,1,0,0,0,1,0,0.0,0.0,0.0,1114.0,56.01436265709157,56.01436265709157,1.0
919382,1,0,0,0,1,0,0.0,0.0,0.0,1629.0,62.67648864333947,62.67648864333947,1.0
919390,1,0,0,0,1,0,0.0,0.0,0.0,721.0,60.332871012482656,60.332871012482656,1.0
919456,1,0,0,0,1,0,0.0,0.0,0.0,1147.0,50.91543156059285,50.91543156059285,1.0
919464,1,0,0,0,1,0,0.0,0.0,0.0,1289.0,51.202482544608216,51.202482544608216,1.0
932750,1,0,0,1,0,0,12.0,0.0,27.333333333333332,17.0,41.17647058823529,41.17647058823529,0.5862068965517241
932798,1,0,0,0,1,0,95.0,1.0526315789473684,59.28421052631579,9.0,55.55555555555556,55.55555555555556,0.08653846153846154
932856,1,0,0,1,0,0,0.0,0.0,0.0,4.0,25.0,25.0,1.0
919794,1,0,1,0,0,0,1136.0,0.08802816901408451,1111.5589788732395,21.0,33.33333333333333,33.33333333333333,0.018150388936905792
919896,1,1,0,0,0,0,5.0,20.0,20.2,0.0,0.0,0.0,0.0
930910,1,0,0,1,0,0,1.0,0.0,5.0,11.0,0.0,0.0,0.9166666666666666
930912,1,0,0,0,1,0,0.0,0.0,0.0,211.0,53.55450236966824,53.55450236966824,1.0
931458,1,0,1,0,0,0,2075.0,0.5783132530120482,1254.0086746987952,2351.0,45.852828583581456,45.852828583581456,0.5311793944871216
932088,1,0,0,1,0,0,0.0,0.0,0.0,12.0,16.666666666666664,16.666666666666664,1.0
958416,1,1,0,0,0,0,13.0,7.6923076923076925,38.53846153846154,284.0,30.28169014084507,30.28169014084507,0.9562289562289562
958440,1,0,0,1,0,0,0.0,0.0,0.0,1.0,0.0,0.0,1.0
958444,1,0,0,1,0,0,0.0,0.0,0.0,2.0,0.0,0.0,1.0
890234,1,0,0,1,0,0,0.0,0.0,0.0,1.0,0.0,0.0,1.0
890582,1,0,0,0,1,0,104.0,0.9615384615384616,47.17307692307692,54.0,61.111111111111114,61.111111111111114,0.34177215189873417
890618,1,0,0,0,1,0,73.0,1.36986301369863,6.52054794520548,270.0,51.11111111111111,51.11111111111111,0.7871720116618076
891156,1,0,0,1,0,0,0.0,0.0,0.0,18.0,33.33333333333333,33.33333333333333,1.0
958460,1,0,1,0,0,0,102.0,1.9607843137254901,442.2647058823529,54.0,29.629629629629626,29.629629629629626,0.34615384615384615
958470,1,0,0,1,0,0,3.0,0.0,50.666666666666664,13.0,46.15384615384615,46.15384615384615,0.8125
958480,1,0,0,0,1,0,0.0,0.0,0.0,138.0,67.3913043478261,67.3913043478261,1.0
921062,1,0,0,0,1,0,113.0,0.0,45.75221238938053,3.0,66.66666666666666,66.66666666666666,0.02586206896551724
929426,1,0,0,0,1,0,0.0,0.0,0.0,11189.0,56.72535525962999,56.72535525962999,1.0
929622,1,0,0,1,0,0,12.0,0.0,23.166666666666668,4.0,25.0,25.0,0.25
929626,1,0,0,1,0,0,35.0,0.0,34.82857142857143,19.0,42.10526315789473,42.10526315789473,0.35185185185185186
929884,1,0,0,1,0,0,31.0,0.0,86.41935483870968,24.0,20.833333333333336,20.833333333333336,0.43636363636363634
930020,1,1,0,0,0,0,85.0,5.88235294117647,35.023529411764706,549.0,33.1511839708561,33.1511839708561,0.8659305993690851
930186,1,0,0,0,1,0,5.0,0.0,7.0,53.0,66.0377358490566,66.0377358490566,0.9137931034482759
930242,1,1,0,0,0,0,4.0,25.0,17.25,0.0,0.0,0.0,0.0
930510,1,0,0,1,0,0,2.0,0.0,22.0,2.0,0.0,0.0,0.5
930660,1,0,0,1,0,0,4.0,0.0,13.0,11.0,45.45454545454545,45.45454545454545,0.7333333333333333
930662,1,0,0,1,0,0,0.0,0.0,0.0,23.0,8.695652173913043,8.695652173913043,1.0
930692,1,0,0,1,0,0,0.0,0.0,0.0,6.0,0.0,0.0,1.0
919552,1,0,1,0,0,0,1087.0,0.09199632014719411,701.3210671573137,60.0,15.0,15.0,0.05231037489102005
919554,1,0,1,0,0,0,1181.0,0.9314140558848433,675.7832345469941,9.0,11.11111111111111,11.11111111111111,0.007563025210084034
919790,1,0,1,0,0,0,1576.0,0.0,1269.2176395939086,23.0,30.434782608695656,30.434782608695656,0.014383989993746092
919792,1,0,1,0,0,0,750.0,0.13333333333333333,540.0373333333333,68.0,13.23529411764706,13.23529411764706,0.08312958435207823
962658,1,0,1,0,0,0,331.0,0.0,235.50453172205437,272.0,23.52941176470588,23.52941176470588,0.45107794361525705
962902,1,0,1,0,0,0,223.0,0.0,165.73094170403587,360.0,21.11111111111111,21.11111111111111,0.6174957118353345
963716,1,0,0,1,0,0,0.0,0.0,0.0,1.0,0.0,0.0,1.0
926486,1,0,0,0,1,0,14.0,0.0,11.857142857142858,2280.0,51.8859649122807,51.8859649122807,0.993897122929381
927912,1,1,0,0,0,0,17.0,5.88235294117647,7.823529411764706,0.0,0.0,0.0,0.0
921306,1,0,1,0,0,0,397.0,1.0075566750629723,372.0428211586902,542.0,37.08487084870848,37.08487084870848,0.577209797657082
921320,1,0,1,0,0,0,79.0,1.2658227848101267,149.37974683544303,269.0,42.37918215613383,42.37918215613383,0.7729885057471264
921584,1,0,0,0,1,0,0.0,0.0,0.0,1266.0,59.87361769352291,59.87361769352291,1.0
921814,1,1,0,0,0,0,42.0,9.523809523809524,63.26190476190476,37.0,18.91891891891892,18.91891891891892,0.46835443037974683
921818,1,0,1,0,0,0,1807.0,0.5534034311012728,379.4875484228002,2087.0,26.928605654048877,26.928605654048877,0.5359527478171546
922114,1,0,0,1,0,0,1.0,0.0,61.0,5.0,0.0,0.0,0.8333333333333334
920416,1,0,0,0,1,0,0.0,0.0,0.0,1576.0,71.25634517766497,71.25634517766497,1.0
920706,1,1,0,0,0,0,68.0,8.823529411764707,89.26470588235294,122.0,35.24590163934426,35.24590163934426,0.6421052631578947
920728,1,0,1,0,0,0,201.0,1.9900497512437811,132.06965174129354,78.0,39.743589743589745,39.743589743589745,0.27956989247311825
920732,1,0,1,0,0,0,116.0,0.0,141.5948275862069,153.0,26.143790849673206,26.143790849673206,0.5687732342007435
920928,1,0,0,1,0,0,0.0,0.0,0.0,6.0,0.0,0.0,1.0
969286,1,0,0,1,0,0,0.0,0.0,0.0,6.0,16.666666666666664,16.666666666666664,1.0
882684,1,0,1,0,0,0,613.0,0.6525285481239804,285.6721044045677,651.0,31.643625192012287,31.643625192012287,0.5150316455696202
882686,1,0,1,0,0,0,766.0,0.7832898172323759,269.0078328981723,2876.0,32.719054242002784,32.719054242002784,0.7896760021965953
882688,1,0,1,0,0,0,15.0,0.0,388.6666666666667,43.0,34.883720930232556,34.883720930232556,0.7413793103448276
882690,1,0,1,0,0,0,171.0,1.1695906432748537,517.6140350877193,1416.0,32.909604519774014,32.909604519774014,0.8922495274102079
972408,1,0,0,1,0,0,0.0,0.0,0.0,6.0,33.33333333333333,33.33333333333333,1.0
883898,1,0,0,1,0,0,0.0,0.0,0.0,1.0,0.0,0.0,1.0
884402,1,0,0,1,0,0,0.0,0.0,0.0,1.0,0.0,0.0,1.0
880020,1,0,0,0,1,0,7.0,0.0,7.714285714285714,34.0,55.88235294117647,55.88235294117647,0.8292682926829268
924928,1,0,0,1,0,0,22.0,4.545454545454546,71.81818181818181,10.0,40.0,40.0,0.3125
924930,1,1,0,0,0,0,18.0,5.555555555555555,56.05555555555556,171.0,28.07017543859649,28.07017543859649,0.9047619047619048
924932,1,0,0,1,0,0,3.0,0.0,18.0,3.0,0.0,0.0,0.5
924936,1,1,0,0,0,0,8.0,25.0,26.125,0.0,0.0,0.0,0.0
924948,1,1,0,0,0,0,12.0,8.333333333333332,19.583333333333332,200.0,36.5,36.5,0.9433962264150944
924954,1,1,0,0,0,0,16.0,6.25,54.3125,75.0,32.0,32.0,0.8241758241758241
922486,1,0,0,1,0,0,1.0,0.0,8.0,1.0,0.0,0.0,0.5
947598,1,0,0,0,1,0,0.0,0.0,0.0,403.0,49.62779156327544,49.62779156327544,1.0
947600,1,0,0,0,1,0,0.0,0.0,0.0,292.0,57.534246575342465,57.534246575342465,1.0
947604,1,0,0,0,1,0,1.0,0.0,14.0,902.0,61.97339246119734,61.97339246119734,0.9988925802879292
947610,1,0,0,1,0,0,2.0,0.0,9.5,5.0,40.0,40.0,0.7142857142857143
945274,1,0,0,1,0,0,0.0,0.0,0.0,1.0,0.0,0.0,1.0
945286,1,0,0,0,1,0,0.0,0.0,0.0,6873.0,52.65531791066492,52.65531791066492,1.0
945290,1,0,0,0,1,0,0.0,0.0,0.0,3373.0,49.688704417432554,49.688704417432554,1.0
945302,1,0,0,0,1,0,0.0,0.0,0.0,6136.0,51.857887874837026,51.857887874837026,1.0
901996,1,0,0,1,0,0,3.0,0.0,43.0,24.0,41.66666666666667,41.66666666666667,0.8888888888888888
902510,1,0,1,0,0,0,122.0,1.639344262295082,251.95901639344262,1841.0,34.98098859315589,34.98098859315589,0.9378502292409577
902532,1,0,1,0,0,0,239.0,0.41841004184100417,205.43096234309624,856.0,31.308411214953267,31.425233644859812,0.7817351598173516
902720,1,0,0,0,1,0,98.0,0.0,70.04081632653062,2306.0,65.48135299219427,65.48135299219427,0.959234608985025
902742,1,0,0,0,1,0,0.0,0.0,0.0,1168.0,49.40068493150685,49.40068493150685,1.0
902744,1,0,0,0,1,0,0.0,0.0,0.0,3114.0,66.85934489402698,66.85934489402698,1.0
902746,1,0,0,0,1,0,0.0,0.0,0.0,2430.0,61.56378600823045,61.56378600823045,1.0
969272,1,0,1,0,0,0,154.0,0.6493506493506493,270.5064935064935,205.0,35.609756097560975,35.609756097560975,0.5710306406685237
973286,0,0,0,0,0,0,2.0,0.0,88.0,0.0,0.0,0.0,0.0
880240,0,0,0,0,0,0,0.0,0.0,0.0,41.0,26.82926829268293,26.82926829268293,1.0
965542,0,0,0,0,0,0,0.0,0.0,0.0,667.0,40.929535232383806,40.929535232383806,1.0
965540,0,0,0,0,0,0,0.0,0.0,0.0,807.0,35.31598513011153,35.31598513011153,1.0
965538,0,0,0,0,0,0,0.0,0.0,0.0,475.0,43.57894736842105,43.57894736842105,1.0
965232,0,0,0,0,0,0,0.0,0.0,0.0,34.0,29.411764705882355,29.411764705882355,1.0
964716,0,0,0,0,0,0,0.0,0.0,0.0,291.0,11.34020618556701,11.34020618556701,1.0
887802,0,0,0,0,0,0,16.0,0.0,73.25,120.0,38.333333333333336,38.333333333333336,0.8823529411764706
887416,0,0,0,0,0,0,18.0,0.0,46.611111111111114,0.0,0.0,0.0,0.0
887282,0,0,0,0,0,0,28.0,0.0,75.5,2322.0,28.811369509043928,28.811369509043928,0.9880851063829788
886892,0,0,0,0,0,0,2.0,0.0,58.0,0.0,0.0,0.0,0.0
886674,0,0,0,0,0,0,11.0,0.0,18.272727272727273,0.0,0.0,0.0,0.0
886146,0,0,0,0,0,0,1.0,0.0,9.0,49.0,38.775510204081634,38.775510204081634,0.98
884946,0,0,0,0,0,0,12.0,0.0,30.333333333333332,1845.0,38.048780487804876,38.048780487804876,0.9935379644588045
884524,0,0,0,0,0,0,2.0,0.0,9.5,0.0,0.0,0.0,0.0
884412,0,0,0,0,0,0,16.0,0.0,62.5625,727.0,42.36588720770289,42.36588720770289,0.9784656796769852
964518,0,0,0,0,0,0,2.0,0.0,42.0,0.0,0.0,0.0,0.0
962268,0,0,0,0,0,0,37.0,0.0,77.0,94.0,41.48936170212766,41.48936170212766,0.7175572519083969
925828,0,0,0,0,0,0,160.0,0.0,38.175,429.0,44.75524475524475,44.75524475524475,0.7283531409168081
925826,0,0,0,0,0,0,157.0,0.6369426751592357,36.93630573248408,504.0,32.53968253968254,32.53968253968254,0.762481089258699
925808,0,0,0,0,0,0,9.0,0.0,28.444444444444443,0.0,0.0,0.0,0.0
925134,0,0,0,0,0,0,0.0,0.0,0.0,44.0,22.727272727272727,22.727272727272727,1.0
925106,0,0,0,0,0,0,17.0,0.0,42.588235294117645,0.0,0.0,0.0,0.0
924960,0,0,0,0,0,0,49.0,2.0408163265306123,55.48979591836735,144.0,31.25,31.25,0.7461139896373057
924958,0,0,0,0,0,0,28.0,0.0,27.0,150.0,34.66666666666667,34.66666666666667,0.8426966292134831
924956,0,0,0,0,0,0,30.0,0.0,38.36666666666667,42.0,40.476190476190474,40.476190476190474,0.5833333333333334
924356,0,0,0,0,0,0,0.0,0.0,0.0,49.0,28.57142857142857,28.57142857142857,1.0
923944,0,0,0,0,0,0,41.0,0.0,24.585365853658537,0.0,0.0,0.0,0.0
923744,0,0,0,0,0,0,1.0,0.0,5.0,0.0,0.0,0.0,0.0
923666,0,0,0,0,0,0,0.0,0.0,0.0,1802.0,41.56492785793563,41.56492785793563,1.0
923528,0,0,0,0,0,0,119.0,1.680672268907563,83.42857142857143,637.0,23.076923076923077,23.233908948194664,0.8425925925925926
923250,0,0,0,0,0,0,0.0,0.0,0.0,148.0,0.0,0.0,1.0
922476,0,0,0,0,0,0,0.0,0.0,0.0,142.0,25.352112676056336,25.352112676056336,1.0
922474,0,0,0,0,0,0,63.0,0.0,44.22222222222222,161.0,21.73913043478261,21.73913043478261,0.71875
928886,0,0,0,0,0,0,53.0,1.8867924528301887,23.71698113207547,680.0,42.35294117647059,42.35294117647059,0.927694406548431
928518,0,0,0,0,0,0,0.0,0.0,0.0,312.0,36.217948717948715,36.217948717948715,1.0
928404,0,0,0,0,0,0,5.0,0.0,27.6,0.0,0.0,0.0,0.0
928312,0,0,0,0,0,0,18.0,0.0,21.555555555555557,1834.0,37.56815703380589,37.56815703380589,0.990280777537797
928228,0,0,0,0,0,0,0.0,0.0,0.0,47.0,46.808510638297875,46.808510638297875,1.0
928202,0,0,0,0,0,0,24.0,0.0,36.166666666666664,0.0,0.0,0.0,0.0
928142,0,0,0,0,0,0,7.0,0.0,13.714285714285714,0.0,0.0,0.0,0.0
928092,0,0,0,0,0,0,5.0,0.0,82.0,0.0,0.0,0.0,0.0
928022,0,0,0,0,0,0,4.0,0.0,38.5,0.0,0.0,0.0,0.0
927916,0,0,0,0,0,0,134.0,0.0,19.28358208955224,426.0,24.88262910798122,24.88262910798122,0.7607142857142857
927910,0,0,0,0,0,0,23.0,4.3478260869565215,8.91304347826087,0.0,0.0,0.0,0.0
927908,0,0,0,0,0,0,5.0,0.0,6.2,0.0,0.0,0.0,0.0
927070,0,0,0,0,0,0,32.0,0.0,89.0,0.0,0.0,0.0,0.0
926490,0,0,0,0,0,0,8.0,0.0,27.375,128.0,42.96875,42.96875,0.9411764705882353
926214,0,0,0,0,0,0,3.0,0.0,27.0,0.0,0.0,0.0,0.0
926184,0,0,0,0,0,0,32.0,0.0,48.0625,31.0,41.935483870967744,41.935483870967744,0.49206349206349204
920982,0,0,0,0,0,0,51.0,0.0,69.68627450980392,0.0,0.0,0.0,0.0
920930,0,0,0,0,0,0,1.0,0.0,62.0,0.0,0.0,0.0,0.0
920874,0,0,0,0,0,0,33.0,0.0,60.75757575757576,0.0,0.0,0.0,0.0
920852,0,0,0,0,0,0,192.0,1.0416666666666665,65.671875,276.0,29.71014492753623,29.71014492753623,0.5897435897435898
920838,0,0,0,0,0,0,65.0,0.0,51.784615384615385,171.0,36.25730994152047,36.25730994152047,0.7245762711864406
920726,0,0,0,0,0,0,58.0,1.7241379310344827,49.0,51.0,29.411764705882355,29.411764705882355,0.46788990825688076
920720,0,0,0,0,0,0,114.0,0.0,79.20175438596492,197.0,36.04060913705584,36.04060913705584,0.6334405144694534
920666,0,0,0,0,0,0,178.0,0.5617977528089888,53.056179775280896,264.0,21.59090909090909,21.59090909090909,0.5972850678733032
922154,0,0,0,0,0,0,2.0,0.0,9.0,0.0,0.0,0.0,0.0
922142,0,0,0,0,0,0,0.0,0.0,0.0,730.0,45.06849315068493,45.06849315068493,1.0
921596,0,0,0,0,0,0,0.0,0.0,0.0,1270.0,43.46456692913386,43.46456692913386,1.0
921594,0,0,0,0,0,0,0.0,0.0,0.0,1078.0,46.103896103896105,46.103896103896105,1.0
921592,0,0,0,0,0,0,0.0,0.0,0.0,1602.0,38.826466916354555,38.826466916354555,1.0
921574,0,0,0,0,0,0,0.0,0.0,0.0,1506.0,44.55511288180611,44.55511288180611,1.0
921316,0,0,0,0,0,0,0.0,0.0,0.0,33.0,33.33333333333333,33.33333333333333,1.0
921116,0,0,0,0,0,0,0.0,0.0,0.0,66.0,24.242424242424242,24.242424242424242,1.0
930818,0,0,0,0,0,0,3.0,0.0,13.666666666666666,0.0,0.0,0.0,0.0
930816,0,0,0,0,0,0,4.0,0.0,12.75,1.0,0.0,0.0,0.2
930594,0,0,0,0,0,0,2.0,0.0,21.0,53.0,33.9622641509434,33.9622641509434,0.9636363636363636
930590,0,0,0,0,0,0,0.0,0.0,0.0,61.0,24.59016393442623,24.59016393442623,1.0
930586,0,0,0,0,0,0,0.0,0.0,0.0,223.0,44.843049327354265,44.843049327354265,1.0
930582,0,0,0,0,0,0,1.0,0.0,16.0,0.0,0.0,0.0,0.0
930524,0,0,0,0,0,0,0.0,0.0,0.0,28.0,0.0,0.0,1.0
930326,0,0,0,0,0,0,10.0,0.0,17.8,1.0,0.0,0.0,0.09090909090909091
930264,0,0,0,0,0,0,4.0,0.0,13.25,0.0,0.0,0.0,0.0
929876,0,0,0,0,0,0,36.0,2.7777777777777777,38.94444444444444,66.0,43.93939393939394,43.93939393939394,0.6470588235294118
929544,0,0,0,0,0,0,0.0,0.0,0.0,66.0,27.27272727272727,27.27272727272727,1.0
929424,0,0,0,0,0,0,1265.0,0.3952569169960474,58.428458498023716,3962.0,44.90156486622918,44.90156486622918,0.7579873732542567
929340,0,0,0,0,0,0,6.0,0.0,73.0,0.0,0.0,0.0,0.0
929332,0,0,0,0,0,0,35.0,0.0,53.08571428571429,0.0,0.0,0.0,0.0
929228,0,0,0,0,0,0,1.0,0.0,24.0,83.0,32.53012048192771,32.53012048192771,0.9880952380952381
928888,0,0,0,0,0,0,314.0,0.3184713375796179,88.27707006369427,547.0,39.48811700182816,39.48811700182816,0.6353077816492451
932304,0,0,0,0,0,0,2.0,0.0,20.0,43.0,27.906976744186046,27.906976744186046,0.9555555555555556
932292,0,0,0,0,0,0,6.0,0.0,24.0,97.0,29.896907216494846,29.896907216494846,0.941747572815534
932050,0,0,0,0,0,0,0.0,0.0,0.0,145.0,42.758620689655174,42.758620689655174,1.0
931914,0,0,0,0,0,0,31.0,0.0,36.45161290322581,0.0,0.0,0.0,0.0
930914,0,0,0,0,0,0,0.0,0.0,0.0,308.0,40.909090909090914,40.909090909090914,1.0
930908,0,0,0,0,0,0,34.0,0.0,11.617647058823529,36.0,33.33333333333333,33.33333333333333,0.5142857142857142
920414,0,0,0,0,0,0,0.0,0.0,0.0,1266.0,47.788309636650865,47.788309636650865,1.0
920146,0,0,0,0,0,0,0.0,0.0,0.0,54.0,37.03703703703704,37.03703703703704,1.0
919994,0,0,0,0,0,0,20.0,0.0,80.8,0.0,0.0,0.0,0.0
919958,0,0,0,0,0,0,2.0,0.0,35.0,0.0,0.0,0.0,0.0
919956,0,0,0,0,0,0,11.0,0.0,10.454545454545455,0.0,0.0,0.0,0.0
919910,0,0,0,0,0,0,0.0,0.0,0.0,327.0,41.284403669724774,41.284403669724774,1.0
919906,0,0,0,0,0,0,0.0,0.0,0.0,1495.0,44.61538461538462,44.61538461538462,1.0
919504,0,0,0,0,0,0,0.0,0.0,0.0,1971.0,37.64586504312531,37.64586504312531,1.0
919490,0,0,0,0,0,0,0.0,0.0,0.0,1668.0,48.561151079136685,48.561151079136685,1.0
930820,0,0,0,0,0,0,5.0,0.0,14.2,1.0,0.0,0.0,0.16666666666666666
934000,0,0,0,0,0,0,8.0,0.0,30.0,0.0,0.0,0.0,0.0
933832,0,0,0,0,0,0,23.0,0.0,40.52173913043478,0.0,0.0,0.0,0.0
933810,0,0,0,0,0,0,0.0,0.0,0.0,107.0,41.1214953271028,41.1214953271028,1.0
933804,0,0,0,0,0,0,25.0,0.0,27.56,0.0,0.0,0.0,0.0
933244,0,0,0,0,0,0,2.0,0.0,9.0,84.0,42.857142857142854,42.857142857142854,0.9767441860465116
932836,0,0,0,0,0,0,21.0,0.0,30.333333333333332,242.0,32.231404958677686,32.231404958677686,0.9201520912547528
919482,0,0,0,0,0,0,0.0,0.0,0.0,1392.0,46.695402298850574,46.695402298850574,1.0
919476,0,0,0,0,0,0,0.0,0.0,0.0,1870.0,45.82887700534759,45.82887700534759,1.0
919376,0,0,0,0,0,0,0.0,0.0,0.0,1283.0,40.607950116913486,40.607950116913486,1.0
919370,0,0,0,0,0,0,0.0,0.0,0.0,1324.0,48.413897280966765,48.413897280966765,1.0
919362,0,0,0,0,0,0,0.0,0.0,0.0,2326.0,45.399828030954424,45.399828030954424,1.0
919314,0,0,0,0,0,0,0.0,0.0,0.0,2415.0,47.08074534161491,47.08074534161491,1.0
932672,0,0,0,0,0,0,7.0,0.0,6.0,0.0,0.0,0.0,0.0
932502,0,0,0,0,0,0,4.0,0.0,15.75,755.0,41.4569536423841,41.4569536423841,0.994729907773386
932498,0,0,0,0,0,0,1.0,0.0,11.0,274.0,44.52554744525548,44.52554744525548,0.9963636363636363
932460,0,0,0,0,0,0,25.0,4.0,39.88,0.0,0.0,0.0,0.0
934432,0,0,0,0,0,0,8.0,0.0,62.625,0.0,0.0,0.0,0.0
934430,0,0,0,0,0,0,28.0,3.571428571428571,51.642857142857146,0.0,0.0,0.0,0.0
934428,0,0,0,0,0,0,36.0,0.0,48.72222222222222,0.0,0.0,0.0,0.0
934424,0,0,0,0,0,0,6.0,0.0,36.833333333333336,0.0,0.0,0.0,0.0
934170,0,0,0,0,0,0,8.0,0.0,24.5,0.0,0.0,0.0,0.0
934074,0,0,0,0,0,0,37.0,2.7027027027027026,34.972972972972975,0.0,0.0,0.0,0.0
919310,0,0,0,0,0,0,0.0,0.0,0.0,2077.0,42.41694752046221,42.41694752046221,1.0
919306,0,0,0,0,0,0,0.0,0.0,0.0,1504.0,40.226063829787236,40.226063829787236,1.0
919302,0,0,0,0,0,0,0.0,0.0,0.0,2312.0,44.67993079584775,44.67993079584775,1.0
919202,0,0,0,0,0,0,0.0,0.0,0.0,2433.0,44.019728729963006,44.019728729963006,1.0
919200,0,0,0,0,0,0,0.0,0.0,0.0,1238.0,43.537964458804524,43.537964458804524,1.0
919198,0,0,0,0,0,0,0.0,0.0,0.0,1066.0,44.18386491557224,44.18386491557224,1.0
919196,0,0,0,0,0,0,0.0,0.0,0.0,2713.0,42.27792112053078,42.27792112053078,1.0
919194,0,0,0,0,0,0,0.0,0.0,0.0,1295.0,41.77606177606177,41.77606177606177,1.0
919192,0,0,0,0,0,0,0.0,0.0,0.0,2157.0,46.03616133518776,46.03616133518776,1.0
919188,0,0,0,0,0,0,0.0,0.0,0.0,831.0,40.19253910950662,40.19253910950662,1.0
936110,0,0,0,0,0,0,155.0,0.0,88.07741935483871,0.0,0.0,0.0,0.0
935958,0,0,0,0,0,0,31.0,0.0,53.38709677419355,0.0,0.0,0.0,0.0
935870,0,0,0,0,0,0,8.0,0.0,16.875,0.0,0.0,0.0,0.0
935394,0,0,0,0,0,0,1.0,0.0,7.0,0.0,0.0,0.0,0.0
935348,0,0,0,0,0,0,145.0,0.6896551724137931,64.86206896551724,165.0,38.78787878787879,38.78787878787879,0.532258064516129
935268,0,0,0,0,0,0,5.0,0.0,13.8,0.0,0.0,0.0,0.0
919162,0,0,0,0,0,0,0.0,0.0,0.0,2757.0,43.48929996372869,43.48929996372869,1.0
919126,0,0,0,0,0,0,0.0,0.0,0.0,288.0,47.22222222222222,47.22222222222222,1.0
918452,0,0,0,0,0,0,0.0,0.0,0.0,130.0,16.923076923076923,16.923076923076923,1.0
918436,0,0,0,0,0,0,34.0,2.941176470588235,46.794117647058826,727.0,40.715268225584595,40.715268225584595,0.9553219448094612
918390,0,0,0,0,0,0,0.0,0.0,0.0,246.0,12.601626016260163,12.601626016260163,1.0
917876,0,0,0,0,0,0,8.0,0.0,15.875,2.0,0.0,0.0,0.2
917858,0,0,0,0,0,0,1.0,0.0,14.0,0.0,0.0,0.0,0.0
935264,0,0,0,0,0,0,4.0,0.0,17.5,55.0,32.72727272727273,32.72727272727273,0.9322033898305084
934608,0,0,0,0,0,0,9.0,0.0,19.333333333333332,0.0,0.0,0.0,0.0
934534,0,0,0,0,0,0,125.0,0.0,101.336,0.0,0.0,0.0,0.0
937370,0,0,0,0,0,0,1.0,0.0,7.0,0.0,0.0,0.0,0.0
915360,0,0,0,0,0,0,0.0,0.0,0.0,114.0,11.403508771929824,11.403508771929824,1.0
914842,0,0,0,0,0,0,6.0,0.0,18.833333333333332,0.0,0.0,0.0,0.0
914440,0,0,0,0,0,0,28.0,0.0,40.642857142857146,0.0,0.0,0.0,0.0
914338,0,0,0,0,0,0,0.0,0.0,0.0,41.0,21.951219512195124,21.951219512195124,1.0
917856,0,0,0,0,0,0,3.0,0.0,17.333333333333332,72.0,16.666666666666664,16.666666666666664,0.96
917850,0,0,0,0,0,0,165.0,0.6060606060606061,85.95151515151515,94.0,13.829787234042554,13.829787234042554,0.36293436293436293
917234,0,0,0,0,0,0,5.0,0.0,13.8,1172.0,39.334470989761094,39.334470989761094,0.9957519116397621
916618,0,0,0,0,0,0,52.0,0.0,46.63461538461539,103.0,11.650485436893204,11.650485436893204,0.6645161290322581
916596,0,0,0,0,0,0,0.0,0.0,0.0,30.0,36.666666666666664,36.666666666666664,1.0
915558,0,0,0,0,0,0,0.0,0.0,0.0,158.0,43.037974683544306,43.037974683544306,1.0
937156,0,0,0,0,0,0,0.0,0.0,0.0,55.0,40.0,40.0,1.0
936984,0,0,0,0,0,0,70.0,0.0,40.24285714285714,0.0,0.0,0.0,0.0
936514,0,0,0,0,0,0,74.0,0.0,88.77027027027027,0.0,0.0,0.0,0.0
936382,0,0,0,0,0,0,1.0,0.0,39.0,386.0,32.12435233160622,32.12435233160622,0.9974160206718347
936324,0,0,0,0,0,0,28.0,0.0,54.42857142857143,91.0,45.05494505494506,45.05494505494506,0.7647058823529411
911140,0,0,0,0,0,0,70.0,2.857142857142857,74.54285714285714,0.0,0.0,0.0,0.0
911104,0,0,0,0,0,0,1.0,0.0,13.0,0.0,0.0,0.0,0.0
937856,0,0,0,0,0,0,10.0,0.0,19.5,28.0,39.285714285714285,39.285714285714285,0.7368421052631579
937854,0,0,0,0,0,0,156.0,0.0,74.16666666666667,536.0,44.02985074626866,44.02985074626866,0.7745664739884393
937812,0,0,0,0,0,0,149.0,0.6711409395973155,97.66442953020135,187.0,42.780748663101605,42.780748663101605,0.5565476190476191
937808,0,0,0,0,0,0,120.0,0.8333333333333334,65.175,802.0,47.880299251870326,47.880299251870326,0.8698481561822126
937780,0,0,0,0,0,0,143.0,0.6993006993006993,73.81118881118881,773.0,46.57179818887451,46.57179818887451,0.8438864628820961
937762,0,0,0,0,0,0,87.0,1.1494252873563218,58.02298850574713,195.0,38.46153846153847,38.46153846153847,0.6914893617021277
914256,0,0,0,0,0,0,24.0,0.0,33.25,1.0,0.0,0.0,0.04
914240,0,0,0,0,0,0,0.0,0.0,0.0,46.0,43.47826086956522,43.47826086956522,1.0
914238,0,0,0,0,0,0,0.0,0.0,0.0,327.0,4.587155963302752,4.587155963302752,1.0
914172,0,0,0,0,0,0,6.0,0.0,53.5,0.0,0.0,0.0,0.0
937742,0,0,0,0,0,0,15.0,0.0,30.666666666666668,3.0,0.0,0.0,0.16666666666666666
937708,0,0,0,0,0,0,184.0,0.0,98.59239130434783,648.0,48.30246913580247,48.30246913580247,0.7788461538461539
937604,0,0,0,0,0,0,7.0,0.0,26.0,46.0,41.30434782608695,41.30434782608695,0.8679245283018868
937374,0,0,0,0,0,0,25.0,0.0,70.6,0.0,0.0,0.0,0.0
909910,0,0,0,0,0,0,0.0,0.0,0.0,223.0,25.112107623318387,25.112107623318387,1.0
937962,0,0,0,0,0,0,99.0,2.0202020202020203,76.13131313131314,0.0,0.0,0.0,0.0
937960,0,0,0,0,0,0,199.0,1.0050251256281406,80.02010050251256,0.0,0.0,0.0,0.0
937958,0,0,0,0,0,0,285.0,2.807017543859649,54.86666666666667,0.0,0.0,0.0,0.0
937880,0,0,0,0,0,0,6.0,0.0,16.833333333333332,0.0,0.0,0.0,0.0
937868,0,0,0,0,0,0,61.0,1.639344262295082,41.967213114754095,250.0,34.8,34.8,0.8038585209003215
937864,0,0,0,0,0,0,44.0,2.272727272727273,65.56818181818181,38.0,44.73684210526316,44.73684210526316,0.4634146341463415
937862,0,0,0,0,0,0,119.0,0.0,63.714285714285715,353.0,41.359773371104815,41.359773371104815,0.7478813559322034
913780,0,0,0,0,0,0,5.0,0.0,37.4,0.0,0.0,0.0,0.0
912722,0,0,0,0,0,0,153.0,0.0,29.725490196078432,225.0,32.88888888888889,32.88888888888889,0.5952380952380952
912684,0,0,0,0,0,0,23.0,4.3478260869565215,106.17391304347827,0.0,0.0,0.0,0.0
912296,0,0,0,0,0,0,173.0,1.7341040462427744,58.76878612716763,483.0,33.74741200828157,33.74741200828157,0.7362804878048781
912252,0,0,0,0,0,0,39.0,0.0,31.076923076923077,224.0,34.82142857142857,34.82142857142857,0.8517110266159695
912010,0,0,0,0,0,0,143.0,1.3986013986013985,73.51748251748252,0.0,0.0,0.0,0.0
911214,0,0,0,0,0,0,2.0,0.0,18.0,0.0,0.0,0.0,0.0
911152,0,0,0,0,0,0,2.0,0.0,43.0,0.0,0.0,0.0,0.0
938074,0,0,0,0,0,0,0.0,0.0,0.0,611.0,46.15384615384615,46.15384615384615,1.0
938072,0,0,0,0,0,0,0.0,0.0,0.0,472.0,41.73728813559322,41.73728813559322,1.0
938070,0,0,0,0,0,0,0.0,0.0,0.0,671.0,44.41132637853949,44.41132637853949,1.0
938022,0,0,0,0,0,0,14.0,0.0,41.42857142857143,264.0,45.45454545454545,45.45454545454545,0.9496402877697842
937988,0,0,0,0,0,0,71.0,0.0,43.028169014084504,274.0,41.24087591240876,41.24087591240876,0.7942028985507247
910958,0,0,0,0,0,0,11.0,0.0,86.0909090909091,0.0,0.0,0.0,0.0
910540,0,0,0,0,0,0,153.0,0.6535947712418301,80.56862745098039,0.0,0.0,0.0,0.0
910532,0,0,0,0,0,0,0.0,0.0,0.0,151.0,30.4635761589404,30.4635761589404,1.0
910530,0,0,0,0,0,0,0.0,0.0,0.0,1061.0,35.061262959472195,35.061262959472195,1.0
910524,0,0,0,0,0,0,0.0,0.0,0.0,84.0,38.095238095238095,38.095238095238095,1.0
910520,0,0,0,0,0,0,0.0,0.0,0.0,198.0,31.313131313131315,31.313131313131315,1.0
910516,0,0,0,0,0,0,32.0,0.0,45.15625,0.0,0.0,0.0,0.0
910224,0,0,0,0,0,0,11.0,0.0,23.181818181818183,0.0,0.0,0.0,0.0
910044,0,0,0,0,0,0,19.0,0.0,32.89473684210526,0.0,0.0,0.0,0.0
910038,0,0,0,0,0,0,2.0,0.0,15.0,0.0,0.0,0.0,0.0
910018,0,0,0,0,0,0,119.0,0.0,98.73109243697479,0.0,0.0,0.0,0.0
939476,0,0,0,0,0,0,40.0,2.5,82.775,716.0,41.201117318435756,41.201117318435756,0.9470899470899471
939470,0,0,0,0,0,0,19.0,0.0,43.94736842105263,727.0,37.13892709766162,37.13892709766162,0.9745308310991957
939222,0,0,0,0,0,0,34.0,0.0,21.61764705882353,873.0,35.967926689576174,35.967926689576174,0.9625137816979051
939218,0,0,0,0,0,0,11.0,0.0,11.454545454545455,359.0,40.389972144846794,40.389972144846794,0.9702702702702702
909896,0,0,0,0,0,0,1.0,0.0,9.0,0.0,0.0,0.0,0.0
909894,0,0,0,0,0,0,1.0,0.0,13.0,0.0,0.0,0.0,0.0
909768,0,0,0,0,0,0,14.0,0.0,42.0,0.0,0.0,0.0,0.0
909624,0,0,0,0,0,0,1.0,0.0,27.0,0.0,0.0,0.0,0.0
909502,0,0,0,0,0,0,0.0,0.0,0.0,785.0,37.70700636942676,37.70700636942676,1.0
909392,0,0,0,0,0,0,5.0,0.0,26.0,0.0,0.0,0.0,0.0
938842,0,0,0,0,0,0,0.0,0.0,0.0,90.0,38.88888888888889,38.88888888888889,1.0
938614,0,0,0,0,0,0,33.0,3.0303030303030303,27.393939393939394,29.0,34.48275862068966,34.48275862068966,0.46774193548387094
938612,0,0,0,0,0,0,64.0,0.0,24.71875,125.0,24.8,24.8,0.6613756613756614
938432,0,0,0,0,0,0,9.0,0.0,51.44444444444444,0.0,0.0,0.0,0.0
938080,0,0,0,0,0,0,0.0,0.0,0.0,660.0,41.21212121212121,41.21212121212121,1.0
938078,0,0,0,0,0,0,0.0,0.0,0.0,749.0,47.53004005340454,47.53004005340454,1.0
940432,0,0,0,0,0,0,139.0,0.0,114.10071942446044,166.0,23.49397590361446,23.49397590361446,0.5442622950819672
939886,0,0,0,0,0,0,0.0,0.0,0.0,268.0,22.01492537313433,22.01492537313433,1.0
939738,0,0,0,0,0,0,0.0,0.0,0.0,628.0,43.47133757961784,43.47133757961784,1.0
908300,0,0,0,0,0,0,1.0,0.0,57.0,0.0,0.0,0.0,0.0
908162,0,0,0,0,0,0,3.0,0.0,89.0,0.0,0.0,0.0,0.0
908152,0,0,0,0,0,0,12.0,0.0,88.91666666666667,0.0,0.0,0.0,0.0
908130,0,0,0,0,0,0,2.0,0.0,28.0,0.0,0.0,0.0,0.0
908098,0,0,0,0,0,0,6.0,0.0,61.166666666666664,0.0,0.0,0.0,0.0
908080,0,0,0,0,0,0,5.0,0.0,20.0,0.0,0.0,0.0,0.0
908078,0,0,0,0,0,0,42.0,0.0,27.761904761904763,56.0,12.5,12.5,0.5714285714285714
907994,0,0,0,0,0,0,39.0,0.0,30.846153846153847,0.0,0.0,0.0,0.0
907986,0,0,0,0,0,0,1.0,0.0,20.0,0.0,0.0,0.0,0.0
907982,0,0,0,0,0,0,66.0,1.5151515151515151,64.54545454545455,6.0,16.666666666666664,16.666666666666664,0.08333333333333333
907974,0,0,0,0,0,0,3.0,0.0,9.666666666666666,0.0,0.0,0.0,0.0
907970,0,0,0,0,0,0,16.0,0.0,22.0,1.0,0.0,0.0,0.058823529411764705
939684,0,0,0,0,0,0,17.0,0.0,23.294117647058822,116.0,45.689655172413794,45.689655172413794,0.8721804511278195
906294,0,0,0,0,0,0,307.0,0.32573289902280134,38.840390879478825,111.0,16.216216216216218,16.216216216216218,0.26555023923444976
907952,0,0,0,0,0,0,51.0,3.9215686274509802,36.05882352941177,0.0,0.0,0.0,0.0
907618,0,0,0,0,0,0,1.0,0.0,35.0,0.0,0.0,0.0,0.0
907502,0,0,0,0,0,0,242.0,0.8264462809917356,104.31818181818181,0.0,0.0,0.0,0.0
907440,0,0,0,0,0,0,6.0,0.0,23.833333333333332,31.0,22.58064516129032,22.58064516129032,0.8378378378378378
907224,0,0,0,0,0,0,48.0,0.0,79.47916666666667,236.0,26.27118644067797,26.27118644067797,0.8309859154929577
907182,0,0,0,0,0,0,63.0,0.0,31.03174603174603,14.0,14.285714285714285,14.285714285714285,0.18181818181818182
907180,0,0,0,0,0,0,0.0,0.0,0.0,37.0,29.72972972972973,29.72972972972973,1.0
907174,0,0,0,0,0,0,9.0,0.0,69.77777777777777,2515.0,30.576540755467196,30.576540755467196,0.9964342313787639
906866,0,0,0,0,0,0,0.0,0.0,0.0,642.0,29.595015576323984,29.595015576323984,1.0
906418,0,0,0,0,0,0,4.0,0.0,22.5,1.0,0.0,0.0,0.2
940460,0,0,0,0,0,0,0.0,0.0,0.0,78.0,32.05128205128205,32.05128205128205,1.0
940458,0,0,0,0,0,0,20.0,0.0,41.45,60.0,20.0,20.0,0.75
940442,0,0,0,0,0,0,196.0,1.530612244897959,7.209183673469388,297.0,26.599326599326602,26.599326599326602,0.6024340770791075
940438,0,0,0,0,0,0,62.0,0.0,19.79032258064516,374.0,27.540106951871657,27.540106951871657,0.8577981651376146
940434,0,0,0,0,0,0,126.0,0.0,39.333333333333336,133.0,30.82706766917293,30.82706766917293,0.5135135135135135
905930,0,0,0,0,0,0,70.0,0.0,22.17142857142857,311.0,27.331189710610932,27.331189710610932,0.8162729658792651
905870,0,0,0,0,0,0,143.0,0.0,74.32167832167832,559.0,29.5169946332737,29.5169946332737,0.7962962962962963
905844,0,0,0,0,0,0,13.0,0.0,14.307692307692308,1032.0,41.37596899224806,41.37596899224806,0.9875598086124402
905566,0,0,0,0,0,0,44.0,2.272727272727273,42.45454545454545,551.0,25.771324863883848,25.771324863883848,0.9260504201680673
905564,0,0,0,0,0,0,56.0,1.7857142857142856,64.85714285714286,504.0,25.198412698412696,25.198412698412696,0.9
905542,0,0,0,0,0,0,117.0,2.564102564102564,65.86324786324786,1863.0,24.798711755233494,24.798711755233494,0.9409090909090909
905538,0,0,0,0,0,0,244.0,0.819672131147541,109.22131147540983,2930.0,33.720136518771334,33.720136518771334,0.9231253938248267
905478,0,0,0,0,0,0,1.0,0.0,36.0,0.0,0.0,0.0,0.0
905472,0,0,0,0,0,0,1.0,0.0,21.0,0.0,0.0,0.0,0.0
940614,0,0,0,0,0,0,142.0,2.112676056338028,85.30985915492958,422.0,42.65402843601896,42.65402843601896,0.74822695035461
940596,0,0,0,0,0,0,0.0,0.0,0.0,392.0,36.734693877551024,36.734693877551024,1.0
940514,0,0,0,0,0,0,1.0,0.0,11.0,0.0,0.0,0.0,0.0
940512,0,0,0,0,0,0,1.0,0.0,19.0,0.0,0.0,0.0,0.0
940508,0,0,0,0,0,0,1.0,0.0,42.0,0.0,0.0,0.0,0.0
906394,0,0,0,0,0,0,30.0,0.0,66.43333333333334,104.0,17.307692307692307,17.307692307692307,0.7761194029850746
906296,0,0,0,0,0,0,4.0,0.0,32.5,36.0,36.11111111111111,36.11111111111111,0.9
905430,0,0,0,0,0,0,96.0,1.0416666666666665,71.76041666666667,749.0,35.647530040053404,35.647530040053404,0.8863905325443787
905104,0,0,0,0,0,0,296.0,2.7027027027027026,108.78378378378379,126.0,17.46031746031746,17.46031746031746,0.2985781990521327
905082,0,0,0,0,0,0,2.0,0.0,34.0,0.0,0.0,0.0,0.0
904372,0,0,0,0,0,0,3.0,0.0,37.0,0.0,0.0,0.0,0.0
904284,0,0,0,0,0,0,47.0,0.0,29.127659574468087,0.0,0.0,0.0,0.0
904204,0,0,0,0,0,0,5.0,0.0,45.6,39.0,28.205128205128204,28.205128205128204,0.8863636363636364
904202,0,0,0,0,0,0,6.0,0.0,11.166666666666666,230.0,39.130434782608695,39.130434782608695,0.9745762711864406
904058,0,0,0,0,0,0,19.0,0.0,19.842105263157894,0.0,0.0,0.0,0.0
904038,0,0,0,0,0,0,462.0,0.4329004329004329,76.02597402597402,214.0,38.78504672897196,38.78504672897196,0.3165680473372781
904014,0,0,0,0,0,0,41.0,0.0,52.90243902439025,1247.0,42.34161988773055,42.34161988773055,0.968167701863354
941786,0,0,0,0,0,0,3.0,0.0,39.0,0.0,0.0,0.0,0.0
941628,0,0,0,0,0,0,1.0,0.0,19.0,147.0,34.01360544217687,34.01360544217687,0.9932432432432432
941390,0,0,0,0,0,0,1.0,0.0,5.0,369.0,40.921409214092144,40.921409214092144,0.9972972972972973
941384,0,0,0,0,0,0,47.0,0.0,29.51063829787234,654.0,41.13149847094802,41.13149847094802,0.9329529243937232
940968,0,0,0,0,0,0,18.0,0.0,32.388888888888886,0.0,0.0,0.0,0.0
905932,0,0,0,0,0,0,36.0,0.0,13.166666666666666,315.0,28.888888888888886,28.888888888888886,0.8974358974358975
944644,0,0,0,0,0,0,26.0,0.0,54.53846153846154,136.0,19.852941176470587,19.852941176470587,0.8395061728395061
944564,0,0,0,0,0,0,2.0,0.0,14.0,0.0,0.0,0.0,0.0
903978,0,0,0,0,0,0,4.0,0.0,38.0,1.0,0.0,0.0,0.2
903976,0,0,0,0,0,0,5.0,0.0,30.6,0.0,0.0,0.0,0.0
903512,0,0,0,0,0,0,25.0,0.0,101.2,0.0,0.0,0.0,0.0
903390,0,0,0,0,0,0,9.0,0.0,24.555555555555557,0.0,0.0,0.0,0.0
903318,0,0,0,0,0,0,281.0,1.0676156583629894,79.09964412811388,1127.0,31.05590062111801,31.05590062111801,0.8004261363636364
903312,0,0,0,0,0,0,125.0,1.6,71.944,48.0,29.166666666666668,29.166666666666668,0.2774566473988439
903292,0,0,0,0,0,0,42.0,0.0,106.14285714285714,301.0,38.205980066445186,38.205980066445186,0.8775510204081632
903254,0,0,0,0,0,0,243.0,0.0,92.21810699588477,1464.0,24.52185792349727,24.52185792349727,0.8576449912126538
902910,0,0,0,0,0,0,28.0,3.571428571428571,42.892857142857146,0.0,0.0,0.0,0.0
902906,0,0,0,0,0,0,48.0,0.0,24.395833333333332,0.0,0.0,0.0,0.0
944310,0,0,0,0,0,0,1.0,0.0,3.0,0.0,0.0,0.0,0.0
944246,0,0,0,0,0,0,9.0,0.0,80.33333333333333,1.0,0.0,0.0,0.1
942214,0,0,0,0,0,0,1.0,0.0,12.0,0.0,0.0,0.0,0.0
905432,0,0,0,0,0,0,11.0,0.0,13.545454545454545,726.0,39.94490358126722,39.94490358126722,0.9850746268656716
945316,0,0,0,0,0,0,0.0,0.0,0.0,2573.0,42.440730664593865,42.440730664593865,1.0
945314,0,0,0,0,0,0,0.0,0.0,0.0,1759.0,43.32006822057988,43.32006822057988,1.0
945312,0,0,0,0,0,0,0.0,0.0,0.0,2146.0,31.127679403541475,31.127679403541475,1.0
945310,0,0,0,0,0,0,0.0,0.0,0.0,3309.0,44.575400423088546,44.575400423088546,1.0
945308,0,0,0,0,0,0,0.0,0.0,0.0,1584.0,40.97222222222222,40.97222222222222,1.0
945304,0,0,0,0,0,0,0.0,0.0,0.0,2576.0,37.03416149068323,37.03416149068323,1.0
945298,0,0,0,0,0,0,0.0,0.0,0.0,1299.0,16.705157813702847,16.705157813702847,1.0
945296,0,0,0,0,0,0,0.0,0.0,0.0,2432.0,42.76315789473684,42.76315789473684,1.0
945294,0,0,0,0,0,0,0.0,0.0,0.0,3368.0,40.38004750593824,40.38004750593824,1.0
945288,0,0,0,0,0,0,0.0,0.0,0.0,2209.0,26.21095518334088,26.21095518334088,1.0
945284,0,0,0,0,0,0,0.0,0.0,0.0,2069.0,34.267762203963265,34.267762203963265,1.0
945282,0,0,0,0,0,0,0.0,0.0,0.0,2308.0,31.109185441941072,31.109185441941072,1.0
945280,0,0,0,0,0,0,0.0,0.0,0.0,2396.0,47.495826377295494,47.495826377295494,1.0
945278,0,0,0,0,0,0,0.0,0.0,0.0,4000.0,44.074999999999996,44.074999999999996,1.0
944908,0,0,0,0,0,0,2.0,0.0,13.5,0.0,0.0,0.0,0.0
944808,0,0,0,0,0,0,229.0,0.0,32.39737991266376,0.0,0.0,0.0,0.0
945900,0,0,0,0,0,0,0.0,0.0,0.0,4209.0,44.52363981943455,44.52363981943455,1.0
945894,0,0,0,0,0,0,0.0,0.0,0.0,1464.0,44.80874316939891,44.80874316939891,1.0
945728,0,0,0,0,0,0,0.0,0.0,0.0,87.0,48.275862068965516,48.275862068965516,1.0
945710,0,0,0,0,0,0,1.0,0.0,17.0,0.0,0.0,0.0,0.0
945324,0,0,0,0,0,0,0.0,0.0,0.0,2225.0,39.50561797752809,39.50561797752809,1.0
945322,0,0,0,0,0,0,0.0,0.0,0.0,4773.0,43.68321810182275,43.68321810182275,1.0
945320,0,0,0,0,0,0,0.0,0.0,0.0,2177.0,33.302710151584755,33.302710151584755,1.0
945318,0,0,0,0,0,0,0.0,0.0,0.0,1839.0,36.59597607395323,36.59597607395323,1.0
902608,0,0,0,0,0,0,7.0,0.0,62.714285714285715,212.0,41.0377358490566,41.0377358490566,0.9680365296803652
901992,0,0,0,0,0,0,11.0,0.0,13.727272727272727,671.0,42.17585692995529,42.17585692995529,0.9838709677419355
901894,0,0,0,0,0,0,30.0,0.0,96.1,0.0,0.0,0.0,0.0
901886,0,0,0,0,0,0,140.0,0.0,77.26428571428572,1411.0,34.51452870304749,34.51452870304749,0.9097356544165055
901884,0,0,0,0,0,0,554.0,0.18050541516245489,109.2129963898917,1912.0,30.700836820083683,30.700836820083683,0.7753446877534469
901880,0,0,0,0,0,0,1813.0,0.6067291781577496,120.15774958632102,2324.0,30.077452667814114,30.077452667814114,0.5617597292724196
901734,0,0,0,0,0,0,28.0,0.0,50.035714285714285,0.0,0.0,0.0,0.0
901588,0,0,0,0,0,0,27.0,0.0,9.666666666666666,54.0,22.22222222222222,22.22222222222222,0.6666666666666666
946916,0,0,0,0,0,0,32.0,0.0,56.8125,0.0,0.0,0.0,0.0
901586,0,0,0,0,0,0,41.0,0.0,12.536585365853659,93.0,9.67741935483871,9.67741935483871,0.6940298507462687
901584,0,0,0,0,0,0,104.0,0.0,20.596153846153847,168.0,26.190476190476193,26.190476190476193,0.6176470588235294
901498,0,0,0,0,0,0,5.0,0.0,77.4,0.0,0.0,0.0,0.0
901492,0,0,0,0,0,0,30.0,0.0,35.233333333333334,3.0,33.33333333333333,33.33333333333333,0.09090909090909091
901350,0,0,0,0,0,0,92.0,0.0,108.1086956521739,0.0,0.0,0.0,0.0
900894,0,0,0,0,0,0,105.0,0.9523809523809524,53.96190476190476,213.0,27.230046948356808,27.230046948356808,0.6698113207547169
900892,0,0,0,0,0,0,310.0,0.967741935483871,43.11290322580645,913.0,42.168674698795186,42.168674698795186,0.7465249386753884
900826,0,0,0,0,0,0,86.0,0.0,36.372093023255815,510.0,36.666666666666664,36.666666666666664,0.8557046979865772
900790,0,0,0,0,0,0,44.0,0.0,57.34090909090909,55.0,27.27272727272727,27.27272727272727,0.5555555555555556
900788,0,0,0,0,0,0,124.0,0.8064516129032258,25.298387096774192,92.0,29.347826086956523,29.347826086956523,0.42592592592592593
946468,0,0,0,0,0,0,1.0,0.0,25.0,0.0,0.0,0.0,0.0
946032,0,0,0,0,0,0,1.0,0.0,8.0,0.0,0.0,0.0,0.0
946020,0,0,0,0,0,0,1.0,0.0,3.0,0.0,0.0,0.0,0.0
945904,0,0,0,0,0,0,0.0,0.0,0.0,3813.0,41.62077104642014,41.62077104642014,1.0
945902,0,0,0,0,0,0,0.0,0.0,0.0,2835.0,48.92416225749559,48.92416225749559,1.0
947818,0,0,0,0,0,0,12.0,0.0,56.25,33.0,18.181818181818183,18.181818181818183,0.7333333333333333
947644,0,0,0,0,0,0,0.0,0.0,0.0,435.0,36.0919540229885,36.0919540229885,1.0
900614,0,0,0,0,0,0,22.0,0.0,26.272727272727273,34.0,17.647058823529413,17.647058823529413,0.6071428571428571
900594,0,0,0,0,0,0,34.0,0.0,25.823529411764707,201.0,21.393034825870647,21.393034825870647,0.8553191489361702
900592,0,0,0,0,0,0,265.0,0.0,74.02264150943397,104.0,18.269230769230766,18.269230769230766,0.28184281842818426
900354,0,0,0,0,0,0,142.0,2.8169014084507045,83.30281690140845,477.0,33.123689727463315,33.123689727463315,0.7705977382875606
900352,0,0,0,0,0,0,183.0,1.639344262295082,82.5792349726776,307.0,34.85342019543974,34.85342019543974,0.6265306122448979
900194,0,0,0,0,0,0,55.0,3.6363636363636362,45.38181818181818,43.0,44.18604651162791,44.18604651162791,0.4387755102040816
900180,0,0,0,0,0,0,9.0,0.0,60.111111111111114,1640.0,37.073170731707314,37.073170731707314,0.9945421467556095
899968,0,0,0,0,0,0,0.0,0.0,0.0,362.0,46.68508287292818,46.68508287292818,1.0
899964,0,0,0,0,0,0,0.0,0.0,0.0,417.0,41.726618705035975,41.726618705035975,1.0
899912,0,0,0,0,0,0,1.0,0.0,19.0,0.0,0.0,0.0,0.0
899906,0,0,0,0,0,0,1.0,0.0,19.0,0.0,0.0,0.0,0.0
947612,0,0,0,0,0,0,1.0,0.0,18.0,101.0,32.67326732673268,32.67326732673268,0.9901960784313726
947590,0,0,0,0,0,0,0.0,0.0,0.0,159.0,37.735849056603776,37.735849056603776,1.0
947306,0,0,0,0,0,0,1.0,0.0,10.0,0.0,0.0,0.0,0.0
949252,0,0,0,0,0,0,3.0,0.0,22.666666666666668,0.0,0.0,0.0,0.0
948524,0,0,0,0,0,0,4.0,0.0,5.5,0.0,0.0,0.0,0.0
948288,0,0,0,0,0,0,22.0,4.545454545454546,30.363636363636363,0.0,0.0,0.0,0.0
948284,0,0,0,0,0,0,4.0,0.0,26.75,0.0,0.0,0.0,0.0
948282,0,0,0,0,0,0,1.0,0.0,1.0,0.0,0.0,0.0,0.0
948182,0,0,0,0,0,0,111.0,0.0,72.17117117117117,450.0,30.22222222222222,30.22222222222222,0.8021390374331551
899900,0,0,0,0,0,0,1.0,0.0,71.0,0.0,0.0,0.0,0.0
899898,0,0,0,0,0,0,2.0,0.0,25.0,0.0,0.0,0.0,0.0
899892,0,0,0,0,0,0,3.0,0.0,31.666666666666668,0.0,0.0,0.0,0.0
899250,0,0,0,0,0,0,286.0,1.7482517482517483,83.12937062937063,1372.0,37.31778425655977,37.31778425655977,0.827503015681544
898920,0,0,0,0,0,0,13.0,0.0,109.46153846153847,37.0,21.62162162162162,21.62162162162162,0.74
898906,0,0,0,0,0,0,19.0,0.0,74.84210526315789,126.0,31.746031746031743,31.746031746031743,0.8689655172413793
898892,0,0,0,0,0,0,12.0,0.0,24.333333333333332,82.0,31.70731707317073,31.70731707317073,0.8723404255319149
898676,0,0,0,0,0,0,2.0,0.0,8.0,0.0,0.0,0.0,0.0
898560,0,0,0,0,0,0,19.0,0.0,101.42105263157895,0.0,0.0,0.0,0.0
898558,0,0,0,0,0,0,22.0,0.0,71.31818181818181,0.0,0.0,0.0,0.0
951332,0,0,0,0,0,0,8.0,0.0,84.625,1.0,0.0,0.0,0.1111111111111111
951118,0,0,0,0,0,0,4.0,0.0,32.5,0.0,0.0,0.0,0.0
951046,0,0,0,0,0,0,3.0,0.0,14.0,33.0,33.33333333333333,33.33333333333333,0.9166666666666666
950972,0,0,0,0,0,0,4.0,0.0,29.25,816.0,32.35294117647059,32.35294117647059,0.9951219512195122
950672,0,0,0,0,0,0,1.0,0.0,13.0,34.0,32.35294117647059,32.35294117647059,0.9714285714285714
896708,0,0,0,0,0,0,66.0,0.0,96.83333333333333,152.0,40.131578947368425,40.131578947368425,0.6972477064220184
896536,0,0,0,0,0,0,178.0,1.1235955056179776,80.92696629213484,0.0,0.0,0.0,0.0
896428,0,0,0,0,0,0,23.0,0.0,34.0,183.0,26.229508196721312,26.229508196721312,0.8883495145631068
896390,0,0,0,0,0,0,0.0,0.0,0.0,97.0,47.42268041237113,47.42268041237113,1.0
896384,0,0,0,0,0,0,0.0,0.0,0.0,28.0,46.42857142857143,46.42857142857143,1.0
896382,0,0,0,0,0,0,36.0,0.0,63.166666666666664,388.0,39.175257731958766,39.175257731958766,0.9150943396226415
896020,0,0,0,0,0,0,16.0,0.0,6.625,0.0,0.0,0.0,0.0
950640,0,0,0,0,0,0,1.0,0.0,9.0,0.0,0.0,0.0,0.0
950634,0,0,0,0,0,0,9.0,0.0,15.555555555555555,0.0,0.0,0.0,0.0
950632,0,0,0,0,0,0,1.0,0.0,13.0,0.0,0.0,0.0,0.0
950444,0,0,0,0,0,0,0.0,0.0,0.0,85.0,42.35294117647059,42.35294117647059,1.0
952116,0,0,0,0,0,0,0.0,0.0,0.0,354.0,44.632768361581924,44.632768361581924,1.0
952114,0,0,0,0,0,0,1.0,0.0,3.0,612.0,46.40522875816993,46.40522875816993,0.99836867862969
896016,0,0,0,0,0,0,71.0,0.0,54.225352112676056,180.0,35.0,35.0,0.7171314741035857
896012,0,0,0,0,0,0,244.0,0.4098360655737705,31.520491803278688,0.0,0.0,0.0,0.0
895786,0,0,0,0,0,0,36.0,0.0,80.63888888888889,0.0,0.0,0.0,0.0
895782,0,0,0,0,0,0,13.0,0.0,33.07692307692308,0.0,0.0,0.0,0.0
895774,0,0,0,0,0,0,13.0,0.0,27.46153846153846,105.0,47.61904761904761,47.61904761904761,0.8898305084745762
895578,0,0,0,0,0,0,57.0,0.0,37.666666666666664,0.0,0.0,0.0,0.0
895576,0,0,0,0,0,0,70.0,1.4285714285714286,38.9,0.0,0.0,0.0,0.0
895574,0,0,0,0,0,0,96.0,3.125,44.541666666666664,0.0,0.0,0.0,0.0
895172,0,0,0,0,0,0,8.0,0.0,16.0,80.0,47.5,47.5,0.9090909090909091
951614,0,0,0,0,0,0,5.0,0.0,25.6,0.0,0.0,0.0,0.0
951526,0,0,0,0,0,0,15.0,0.0,22.266666666666666,0.0,0.0,0.0,0.0
951492,0,0,0,0,0,0,27.0,0.0,61.629629629629626,75.0,26.666666666666668,26.666666666666668,0.7352941176470589
951490,0,0,0,0,0,0,27.0,3.7037037037037033,35.03703703703704,0.0,0.0,0.0,0.0
951408,0,0,0,0,0,0,0.0,0.0,0.0,30.0,43.333333333333336,43.333333333333336,1.0
892538,0,0,0,0,0,0,10.0,0.0,58.9,116.0,30.17241379310345,30.17241379310345,0.9206349206349206
892532,0,0,0,0,0,0,65.0,0.0,90.32307692307693,89.0,34.831460674157306,34.831460674157306,0.577922077922078
892028,0,0,0,0,0,0,0.0,0.0,0.0,1333.0,36.68417104276069,36.68417104276069,1.0
891988,0,0,0,0,0,0,414.0,0.0,78.0,474.0,23.417721518987342,23.417721518987342,0.5337837837837838
891948,0,0,0,0,0,0,1.0,0.0,3.0,0.0,0.0,0.0,0.0
895170,0,0,0,0,0,0,11.0,0.0,17.181818181818183,0.0,0.0,0.0,0.0
895140,0,0,0,0,0,0,4.0,0.0,109.5,0.0,0.0,0.0,0.0
894662,0,0,0,0,0,0,1.0,0.0,9.0,34.0,29.411764705882355,29.411764705882355,0.9714285714285714
894656,0,0,0,0,0,0,20.0,0.0,45.95,3167.0,41.58509630565204,41.58509630565204,0.9937245058048322
894224,0,0,0,0,0,0,4.0,0.0,21.75,0.0,0.0,0.0,0.0
893674,0,0,0,0,0,0,0.0,0.0,0.0,2463.0,36.05359317904993,36.05359317904993,1.0
952914,0,0,0,0,0,0,78.0,0.0,48.65384615384615,579.0,42.31433506044905,42.31433506044905,0.8812785388127854
952734,0,0,0,0,0,0,409.0,0.0,46.71149144254279,0.0,0.0,0.0,0.0
952678,0,0,0,0,0,0,1.0,0.0,30.0,0.0,0.0,0.0,0.0
952292,0,0,0,0,0,0,2.0,0.0,81.0,0.0,0.0,0.0,0.0
952126,0,0,0,0,0,0,7.0,0.0,22.0,0.0,0.0,0.0,0.0
891824,0,0,0,0,0,0,12.0,0.0,36.0,32.0,34.375,34.375,0.7272727272727273
891746,0,0,0,0,0,0,0.0,0.0,0.0,33.0,39.39393939393939,39.39393939393939,1.0
891646,0,0,0,0,0,0,8.0,0.0,25.875,0.0,0.0,0.0,0.0
891416,0,0,0,0,0,0,142.0,0.0,68.34507042253522,705.0,34.60992907801418,34.60992907801418,0.8323494687131051
891254,0,0,0,0,0,0,1.0,0.0,26.0,0.0,0.0,0.0,0.0
891252,0,0,0,0,0,0,0.0,0.0,0.0,86.0,48.837209302325576,48.837209302325576,1.0
891170,0,0,0,0,0,0,0.0,0.0,0.0,193.0,26.94300518134715,26.94300518134715,1.0
891166,0,0,0,0,0,0,0.0,0.0,0.0,231.0,27.705627705627705,27.705627705627705,1.0
891162,0,0,0,0,0,0,0.0,0.0,0.0,104.0,31.73076923076923,31.73076923076923,1.0
954290,0,0,0,0,0,0,9.0,0.0,32.666666666666664,0.0,0.0,0.0,0.0
954086,0,0,0,0,0,0,31.0,0.0,64.0,1.0,0.0,0.0,0.03125
953952,0,0,0,0,0,0,7.0,0.0,37.42857142857143,0.0,0.0,0.0,0.0
953940,0,0,0,0,0,0,1.0,0.0,9.0,0.0,0.0,0.0,0.0
952982,0,0,0,0,0,0,8.0,0.0,1.375,0.0,0.0,0.0,0.0
952954,0,0,0,0,0,0,2.0,0.0,1.0,0.0,0.0,0.0,0.0
893172,0,0,0,0,0,0,38.0,0.0,46.0,0.0,0.0,0.0,0.0
958452,0,0,0,0,0,0,27.0,3.7037037037037033,33.96296296296296,387.0,29.198966408268735,29.198966408268735,0.9347826086956522
958434,0,0,0,0,0,0,23.0,4.3478260869565215,113.82608695652173,58.0,36.206896551724135,36.206896551724135,0.7160493827160493
958432,0,0,0,0,0,0,15.0,0.0,44.86666666666667,104.0,24.03846153846154,24.03846153846154,0.8739495798319328
958430,0,0,0,0,0,0,22.0,0.0,51.40909090909091,185.0,27.56756756756757,27.56756756756757,0.893719806763285
958418,0,0,0,0,0,0,9.0,0.0,21.666666666666668,435.0,28.965517241379313,28.965517241379313,0.9797297297297297
958394,0,0,0,0,0,0,21.0,0.0,25.523809523809526,0.0,0.0,0.0,0.0
956664,0,0,0,0,0,0,1.0,0.0,9.0,0.0,0.0,0.0,0.0
956484,0,0,0,0,0,0,13.0,0.0,38.92307692307692,0.0,0.0,0.0,0.0
956480,0,0,0,0,0,0,86.0,0.0,93.33720930232558,0.0,0.0,0.0,0.0
956080,0,0,0,0,0,0,5.0,0.0,92.8,0.0,0.0,0.0,0.0
955436,0,0,0,0,0,0,1.0,0.0,23.0,0.0,0.0,0.0,0.0
954810,0,0,0,0,0,0,37.0,0.0,38.21621621621622,0.0,0.0,0.0,0.0
954642,0,0,0,0,0,0,0.0,0.0,0.0,385.0,35.064935064935064,35.064935064935064,1.0
954616,0,0,0,0,0,0,7.0,0.0,8.714285714285714,0.0,0.0,0.0,0.0
891906,0,0,0,0,0,0,67.0,0.0,83.6268656716418,0.0,0.0,0.0,0.0
891900,0,0,0,0,0,0,33.0,0.0,108.87878787878788,0.0,0.0,0.0,0.0
958478,0,0,0,0,0,0,7.0,0.0,47.57142857142857,295.0,41.69491525423729,41.69491525423729,0.9768211920529801
958468,0,0,0,0,0,0,7.0,0.0,45.142857142857146,497.0,26.156941649899395,26.156941649899395,0.9861111111111112
891160,0,0,0,0,0,0,0.0,0.0,0.0,370.0,31.351351351351354,31.351351351351354,1.0
891158,0,0,0,0,0,0,0.0,0.0,0.0,262.0,31.297709923664126,31.297709923664126,1.0
891154,0,0,0,0,0,0,0.0,0.0,0.0,525.0,29.333333333333332,29.333333333333332,1.0
891152,0,0,0,0,0,0,0.0,0.0,0.0,273.0,30.036630036630036,30.036630036630036,1.0
890422,0,0,0,0,0,0,0.0,0.0,0.0,402.0,34.57711442786069,34.57711442786069,1.0
890420,0,0,0,0,0,0,0.0,0.0,0.0,695.0,32.94964028776978,32.94964028776978,1.0
890416,0,0,0,0,0,0,0.0,0.0,0.0,1271.0,33.35955940204563,33.35955940204563,1.0
890412,0,0,0,0,0,0,23.0,0.0,68.08695652173913,1111.0,33.39333933393339,33.39333933393339,0.9797178130511464
890410,0,0,0,0,0,0,16.0,0.0,41.75,1211.0,35.672997522708506,35.672997522708506,0.986960065199674
890406,0,0,0,0,0,0,425.0,0.9411764705882352,68.41882352941177,1196.0,34.531772575250834,34.531772575250834,0.7378161628624306
890404,0,0,0,0,0,0,514.0,0.38910505836575876,89.22373540856032,1345.0,36.35687732342007,36.35687732342007,0.7235072619688004
890402,0,0,0,0,0,0,539.0,0.0,89.96660482374769,1242.0,35.909822866344605,35.909822866344605,0.6973610331274565
958456,0,0,0,0,0,0,10.0,0.0,46.3,816.0,37.13235294117647,37.13235294117647,0.9878934624697336
958454,0,0,0,0,0,0,2.0,0.0,30.0,0.0,0.0,0.0,0.0
962168,0,0,0,0,0,0,3.0,0.0,19.0,0.0,0.0,0.0,0.0
962062,0,0,0,0,0,0,15.0,0.0,34.4,0.0,0.0,0.0,0.0
961770,0,0,0,0,0,0,78.0,0.0,68.15384615384616,0.0,0.0,0.0,0.0
961064,0,0,0,0,0,0,23.0,0.0,34.608695652173914,904.0,41.150442477876105,41.150442477876105,0.9751887810140237
960698,0,0,0,0,0,0,6.0,0.0,55.333333333333336,0.0,0.0,0.0,0.0
960672,0,0,0,0,0,0,0.0,0.0,0.0,210.0,23.809523809523807,23.809523809523807,1.0
890232,0,0,0,0,0,0,0.0,0.0,0.0,33.0,0.0,0.0,1.0
889754,0,0,0,0,0,0,480.0,0.4166666666666667,72.14583333333333,1206.0,35.7379767827529,35.7379767827529,0.7153024911032029
889640,0,0,0,0,0,0,2.0,0.0,13.5,0.0,0.0,0.0,0.0
889638,0,0,0,0,0,0,4.0,0.0,21.25,0.0,0.0,0.0,0.0
889410,0,0,0,0,0,0,439.0,0.0,52.195899772209565,1014.0,24.85207100591716,24.85207100591716,0.6978664831383344
888868,0,0,0,0,0,0,20.0,5.0,43.95,34.0,29.411764705882355,29.411764705882355,0.6296296296296297
888520,0,0,0,0,0,0,6.0,0.0,21.833333333333332,0.0,0.0,0.0,0.0
887992,0,0,0,0,0,0,0.0,0.0,0.0,47.0,48.93617021276596,48.93617021276596,1.0
960648,0,0,0,0,0,0,33.0,0.0,101.9090909090909,78.0,37.17948717948718,37.17948717948718,0.7027027027027027
960620,0,0,0,0,0,0,50.0,2.0,111.1,58.0,41.37931034482759,41.37931034482759,0.5370370370370371
882476,0,0,0,0,0,0,3.0,0.0,31.666666666666668,0.0,0.0,0.0,0.0
879896,0,0,0,0,0,0,58.0,0.0,65.89655172413794,816.0,26.96078431372549,26.96078431372549,0.9336384439359268
879898,0,0,0,0,0,0,103.0,0.0,47.41747572815534,7191.0,32.61020720344875,32.61020720344875,0.9858788044968467
972412,0,0,0,0,0,0,1.0,0.0,25.0,60.0,41.66666666666667,41.66666666666667,0.9836065573770492
972410,0,0,0,0,0,0,0.0,0.0,0.0,77.0,48.05194805194805,48.05194805194805,1.0
880026,0,0,0,0,0,0,24.0,0.0,9.666666666666666,2188.0,28.70201096892139,28.70201096892139,0.9891500904159132
971354,0,0,0,0,0,0,6.0,0.0,61.333333333333336,0.0,0.0,0.0,0.0
880028,0,0,0,0,0,0,63.0,0.0,9.761904761904763,2489.0,39.654479710727195,39.654479710727195,0.9753134796238244
971100,0,0,0,0,0,0,3.0,0.0,15.666666666666666,0.0,0.0,0.0,0.0
968520,0,0,0,0,0,0,5.0,0.0,5.0,0.0,0.0,0.0,0.0
968368,0,0,0,0,0,0,2.0,0.0,19.0,0.0,0.0,0.0,0.0
968338,0,0,0,0,0,0,13.0,0.0,20.53846153846154,213.0,31.455399061032864,31.455399061032864,0.9424778761061947
968232,0,0,0,0,0,0,1.0,0.0,13.0,0.0,0.0,0.0,0.0
968150,0,0,0,0,0,0,4.0,0.0,2.5,91.0,32.967032967032964,32.967032967032964,0.9578947368421052
967310,0,0,0,0,0,0,1.0,0.0,8.0,44.0,40.909090909090914,40.909090909090914,0.9777777777777777
965942,0,0,0,0,0,0,2.0,0.0,34.0,0.0,0.0,0.0,0.0
922428,0,0,0,0,0,0,27.0,0.0,18.74074074074074,182.0,20.87912087912088,20.87912087912088,0.8708133971291866
922356,0,0,0,0,0,0,18.0,0.0,65.61111111111111,0.0,0.0,0.0,0.0
924952,0,0,0,0,0,0,22.0,0.0,50.13636363636363,54.0,25.925925925925924,25.925925925925924,0.7105263157894737
924950,0,0,0,0,0,0,25.0,0.0,48.12,163.0,21.472392638036812,21.472392638036812,0.8670212765957447
924940,0,0,0,0,0,0,8.0,0.0,36.5,146.0,41.78082191780822,41.78082191780822,0.948051948051948
924934,0,0,0,0,0,0,5.0,0.0,55.0,380.0,31.31578947368421,31.31578947368421,0.987012987012987
924662,0,0,0,0,0,0,1.0,0.0,20.0,0.0,0.0,0.0,0.0
924546,0,0,0,0,0,0,44.0,2.272727272727273,36.68181818181818,71.0,12.676056338028168,12.676056338028168,0.6173913043478261
924544,0,0,0,0,0,0,104.0,0.0,25.875,13.0,30.76923076923077,30.76923076923077,0.1111111111111111
969386,0,0,0,0,0,0,0.0,0.0,0.0,53.0,41.509433962264154,41.509433962264154,1.0
969380,0,0,0,0,0,0,1.0,0.0,21.0,0.0,0.0,0.0,0.0
884294,0,0,0,0,0,0,1.0,0.0,6.0,0.0,0.0,0.0,0.0
883942,0,0,0,0,0,0,77.0,0.0,24.064935064935064,2029.0,25.726959093149333,25.726959093149333,0.9634377967711301
883940,0,0,0,0,0,0,6.0,0.0,18.333333333333332,632.0,32.91139240506329,32.91139240506329,0.9905956112852664
882680,0,0,0,0,0,0,97.0,3.0927835051546393,55.608247422680414,0.0,0.0,0.0,0.0
882478,0,0,0,0,0,0,1.0,0.0,13.0,0.0,0.0,0.0,0.0
